Workbook

Sheet 每日推薦
A1: 每日10檔推薦清單
A2: 日期： | B2: 46142 | D2: 資料來源： | E2: 2026/04/30 市場新聞、外資報告整理
A3: 免責聲明：本表僅供參考，非投資建議。實際投資請自行研究並承擔風險。
A5: 排名 | B5: 股票代號 | C5: 股票名稱 | D5: 所屬類股 | E5: 推薦理由/題材 | F5: 备註
A6: 1 | B6: 2330 | C6: 台積電 | D6: 半導體/晶圓代工 | E6: 外資 AI 共識首選,2nm 量產推進、定價穩定;高盛、瑞銀、摩根士丹利一致按讚 | F6: 未追蹤
A7: 2 | B7: 2317 | C7: 鴻海 | D7: EMS/AI 伺服器 | E7: AI 伺服器組裝龍頭,外資 2026 共識買進名單 | F7: 未追蹤
A8: 3 | B8: 3443 | C8: 創意 | D8: ASIC 設計 | E8: ASIC 動能強勁,外資 2026 共識買進、營收持續創高 | F8: 未追蹤
A9: 4 | B9: 2308 | C9: 台達電 | D9: AI 伺服器電源/散熱 | E9: AI 伺服器電源龍頭,HVDC 800V 架構領先,2026~2027 加速成長 | F9: 未追蹤
A10: 5 | B10: 2383 | C10: 台光電 | D10: CCL/AI 材料 | E10: CCL 絕對核心領導股,M8/M9 技術領先,2026 下半年 M9 量產 | F10: 未追蹤
A11: 6 | B11: 3017 | C11: 奇鋐 | D11: 散熱模組 | E11: AI 伺服器散熱模組龍頭,液冷需求強勁 | F11: 未追蹤
A12: 7 | B12: 2344 | C12: 華邦電 | D12: 記憶體 | E12: DDR5 第四季漲 53~58%,記憶體領頭羊,點燃 AI 與矽光子題材 | F12: 未追蹤
A13: 8 | B13: 2408 | C13: 南亞科 | D13: 記憶體 | E13: DDR5 受惠 SK 海力士、美光轉產 HBM 後產能轉移 | F13: 未追蹤
A14: 9 | B14: 8996 | C14: 高力 | D14: 電源/燃料電池 | E14: AI 資料中心電力供應鏈、燃料電池受惠美國電網建置加速 | F14: 未追蹤
A15: 10 | B15: 2454 | C15: 聯發科 | D15: IC 設計 | E15: ASIC 動能強勁,盤中漲勢領軍 | F15: 未追蹤
A17: 追蹤個股燈號同步
A18: 資料同步自各個股分頁（以最新收盤 = 第 25 列）；燈號、評註、買賣參考價均為公式連動。
A20: 代號 | B20: 名稱 | C20: 收盤 | D20: 總燈號 | E20: 評註（通過/警示/危險） | F20: 買進/賣出參考價位
A21: 2324 | B21: 仁寶 | C21: ='2324 仁寶'!E25 -> 29 | D21: ='2324 仁寶'!S15 -> 🔴 觀望 | E21: ='2324 仁寶'!R15 -> 通過 2 / 7 警示 1 危險 3 | F21: ="買進參考 "&TEXT('2324 仁寶'!R27,"0.0")&" / 賣出參考 "&TEXT('2324 仁寶'!R28,"0.0") -> 買進參考 28.2 / 賣出參考 29.8
A22: 2352 | B22: 佳世達 | C22: ='2352 佳世達'!E25 -> 23.9 | D22: ='2352 佳世達'!S15 -> 🔴 出場 | E22: ='2352 佳世達'!R15 -> 通過 2 / 7 警示 0 危險 4 | F22: ="買進參考 "&TEXT('2352 佳世達'!R27,"0.0")&" / 賣出參考 "&TEXT('2352 佳世達'!R28,"0.0") -> 買進參考 23.5 / 賣出參考 24.3
A23: 2376 | B23: 技嘉 | C23: ='2376 技嘉'!E25 -> 273 | D23: ='2376 技嘉'!S15 -> 🔴 觀望 | E23: ='2376 技嘉'!R15 -> 通過 2 / 7 警示 1 危險 3 | F23: ="買進參考 "&TEXT('2376 技嘉'!R27,"0.0")&" / 賣出參考 "&TEXT('2376 技嘉'!R28,"0.0") -> 買進參考 263.9 / 賣出參考 282.1
A24: 2379 | B24: 瑞昱 | C24: ='2379 瑞昱'!E25 -> 537 | D24: ='2379 瑞昱'!S15 -> 🔴 觀望 | E24: ='2379 瑞昱'!R15 -> 通過 2 / 7 警示 2 危險 2 | F24: ="買進參考 "&TEXT('2379 瑞昱'!R27,"0.0")&" / 賣出參考 "&TEXT('2379 瑞昱'!R28,"0.0") -> 買進參考 525.6 / 賣出參考 548.6
A25: 2382 | B25: 廣達 | C25: ='2382 廣達'!E25 -> 312.5 | D25: ='2382 廣達'!S15 -> 🔴 觀望 | E25: ='2382 廣達'!R15 -> 通過 2 / 7 警示 2 危險 2 | F25: ="買進參考 "&TEXT('2382 廣達'!R27,"0.0")&" / 賣出參考 "&TEXT('2382 廣達'!R28,"0.0") -> 買進參考 304.0 / 賣出參考 321.0
A26: 2395 | B26: 研華 | C26: ='2395 研華'!E25 -> 359.5 | D26: ='2395 研華'!S15 -> 🟡 等待 | E26: ='2395 研華'!R15 -> 通過 3 / 7 警示 2 危險 1 | F26: ="買進參考 "&TEXT('2395 研華'!R27,"0.0")&" / 賣出參考 "&TEXT('2395 研華'!R28,"0.0") -> 買進參考 351.1 / 賣出參考 367.9
A27: 3034 | B27: 聯詠 | C27: ='3034 聯詠'!E25 -> 409 | D27: ='3034 聯詠'!S15 -> 🔴 觀望 | E27: ='3034 聯詠'!R15 -> 通過 3 / 7 警示 0 危險 3 | F27: ="買進參考 "&TEXT('3034 聯詠'!R27,"0.0")&" / 賣出參考 "&TEXT('3034 聯詠'!R28,"0.0") -> 買進參考 400.0 / 賣出參考 418.0
A28: 3231 | B28: 緯創 | C28: ='3231 緯創'!E25 -> 137 | D28: ='3231 緯創'!S15 -> 🔴 觀望 | E28: ='3231 緯創'!R15 -> 通過 2 / 7 警示 1 危險 3 | F28: ="買進參考 "&TEXT('3231 緯創'!R27,"0.0")&" / 賣出參考 "&TEXT('3231 緯創'!R28,"0.0") -> 買進參考 133.9 / 賣出參考 140.4
A29: 5388 | B29: 中磊 | C29: ='5388 中磊'!E25 -> 76.5 | D29: ='5388 中磊'!S15 -> 🔴 出場 | E29: ='5388 中磊'!R15 -> 通過 1 / 7 警示 1 危險 4 | F29: ="買進參考 "&TEXT('5388 中磊'!R27,"0.0")&" / 賣出參考 "&TEXT('5388 中磊'!R28,"0.0") -> 買進參考 74.6 / 賣出參考 78.4
A30: 6285 | B30: 啟碚 | C30: ='6285 啟碁'!E25 -> 216 | D30: ='6285 啟碁'!S15 -> 🟡 等待 | E30: ='6285 啟碁'!R15 -> 通過 3 / 7 警示 2 危險 1 | F30: ="買進參考 "&TEXT('6285 啟碁'!R27,"0.0")&" / 賣出參考 "&TEXT('6285 啟碁'!R28,"0.0") -> 買進參考 202.4 / 賣出參考 229.6
A31: 2308 | B31: 台達電 | C31: ='2308 台達電'!E25 -> 2165 | D31: ='2308 台達電'!S15 -> 🟡 等待 | E31: ='2308 台達電'!R15 -> 通過 3 / 7 警示 3 危險 0 | F31: ="買進參考 "&TEXT('2308 台達電'!R27,"0.0")&" / 賣出參考 "&TEXT('2308 台達電'!R28,"0.0") -> 買進參考 2089.8 / 賣出參考 2240.2
A32: 2330 | B32: 台積電 | C32: ='2330 台積電'!E25 -> 2135 | D32: ='2330 台積電'!S15 -> 🟡 等待 | E32: ='2330 台積電'!R15 -> 通過 3 / 7 警示 2 危險 1 | F32: ="買進參考 "&TEXT('2330 台積電'!R27,"0.0")&" / 賣出參考 "&TEXT('2330 台積電'!R28,"0.0") -> 買進參考 2083.5 / 賣出參考 2196.0
A33: 2881 | B33: 富邦金 | C33: ='2881 富邦金'!E25 -> 90 | D33: ='2881 富邦金'!S15 -> 🟢 次強進場 | E33: ='2881 富邦金'!R15 -> 通過 5 / 7 警示 1 危險 0 | F33: ="買進參考 "&TEXT('2881 富邦金'!R27,"0.0")&" / 賣出參考 "&TEXT('2881 富邦金'!R28,"0.0") -> 買進參考 89.0 / 賣出參考 91.0
A34: 燈號記錄
A35: 🟢 進場 (強) | B35: 🟢 進場 (次強) | C35: 🟡 等待 | D35: 🔴 觀望 | E35: 🔴 出場 | F35: ⚪ 資料不足
A38: 4/30 賣 | B38: 2352 | C38: 佳世達 | D38: 23.9
A39: 4/30 賣 | B39: 5388 | C39: 中磊 | D39: 76.5
A43: python3 fetch_twse_daily.py -s 2324 2382 2395 3231 2379 5388 6285 2352 2376 3034 2330 2308 -n 20 -o stock.xlsx

Sheet 2324 仁寶
A1: 2324 仁寶 - 近20日股價追蹤
A2: 所屬產業： | B2: 筆電/伺服器
A3: 資料來源： | B3: 2324
A5: 日期 | B5: 大盤 | C5: 最高 | D5: 最低 | E5: 收盤 | F5: 成交量(張) | G5: 漲跌幅 | H5: MA5 | I5: MA10 | J5: MA20 | K5: RSI(6) | L5: RSI(12) | M5: KD-K | N5: KD-D | O5: MACD-OSC | Q5: 燈號儀表板
A6: {=INDIRECT("'"&$B$3&"'!"&CHAR(64+COLUMN())&(ROW()-4))} -> 46113 | B6: {=INDIRECT("'"&$B$3&"'!"&CHAR(64+COLUMN())&(ROW()-4))} -> 33174.82 | C6: {=INDIRECT("'"&$B$3&"'!"&CHAR(64+COLUMN())&(ROW()-4))} -> 27.7 | D6: {=INDIRECT("'"&$B$3&"'!"&CHAR(64+COLUMN())&(ROW()-4))} -> 26.95 | E6: {=INDIRECT("'"&$B$3&"'!"&CHAR(64+COLUMN())&(ROW()-4))} -> 27.45 | F6: {=INDIRECT("'"&$B$3&"'!"&CHAR(64+COLUMN())&(ROW()-4))} -> 34084 | G6: {=INDIRECT("'"&$B$3&"'!"&CHAR(64+COLUMN())&(ROW()-4))} -> 1.8552876 | H6: {=INDIRECT("'"&$B$3&"'!"&CHAR(64+COLUMN())&(ROW()-4))} -> 28.88 | ... O6: {=INDIRECT("'"&$B$3&"'!"&CHAR(64+COLUMN())&(ROW()-4))} -> -0.59574372 | Q6: 步驟 | R6: 條件 | S6: 燈號 | T6: 細節
A7: {=INDIRECT("'"&$B$3&"'!"&CHAR(64+COLUMN())&(ROW()-4))} -> 46114 | B7: {=INDIRECT("'"&$B$3&"'!"&CHAR(64+COLUMN())&(ROW()-4))} -> 32572.43 | C7: {=INDIRECT("'"&$B$3&"'!"&CHAR(64+COLUMN())&(ROW()-4))} -> 27.75 | D7: {=INDIRECT("'"&$B$3&"'!"&CHAR(64+COLUMN())&(ROW()-4))} -> 27 | E7: {=INDIRECT("'"&$B$3&"'!"&CHAR(64+COLUMN())&(ROW()-4))} -> 27.4 | F7: {=INDIRECT("'"&$B$3&"'!"&CHAR(64+COLUMN())&(ROW()-4))} -> 20383 | G7: {=INDIRECT("'"&$B$3&"'!"&CHAR(64+COLUMN())&(ROW()-4))} -> -0.18214936 | H7: {=INDIRECT("'"&$B$3&"'!"&CHAR(64+COLUMN())&(ROW()-4))} -> 28.06 | ... O7: {=INDIRECT("'"&$B$3&"'!"&CHAR(64+COLUMN())&(ROW()-4))} -> -0.60163435 | Q7: 1 | R7: 大盤過濾（大盤 > 自身 MA20） | S7: =IF(COUNT(B6:B25)<5,"⚪",IF(AND(B25>AVERAGE(B6:B25),B25>B20),"🟢",IF(OR(B25>AVERAGE(B6:B25),B25>B20),"🟡","🔴"))) -> 🟢 | T7: =IF(COUNT(B6:B25)<5,"大盤資料不足","大盤="&TEXT(B25,"#,##0")&" vs MA="&TEXT(AVERAGE(B6:B25),"#,##0")&" 斜率:"&IF(B25>B20,"↑","↓")) -> 大盤=38,927 vs MA=36,644 斜率:↑
A8: {=INDIRECT("'"&$B$3&"'!"&CHAR(64+COLUMN())&(ROW()-4))} -> 46119 | B8: {=INDIRECT("'"&$B$3&"'!"&CHAR(64+COLUMN())&(ROW()-4))} -> 33229.82 | C8: {=INDIRECT("'"&$B$3&"'!"&CHAR(64+COLUMN())&(ROW()-4))} -> 27.3 | D8: {=INDIRECT("'"&$B$3&"'!"&CHAR(64+COLUMN())&(ROW()-4))} -> 26.85 | E8: {=INDIRECT("'"&$B$3&"'!"&CHAR(64+COLUMN())&(ROW()-4))} -> 26.85 | F8: {=INDIRECT("'"&$B$3&"'!"&CHAR(64+COLUMN())&(ROW()-4))} -> 19351 | G8: {=INDIRECT("'"&$B$3&"'!"&CHAR(64+COLUMN())&(ROW()-4))} -> -2.0072993 | H8: {=INDIRECT("'"&$B$3&"'!"&CHAR(64+COLUMN())&(ROW()-4))} -> 27.38 | ... O8: {=INDIRECT("'"&$B$3&"'!"&CHAR(64+COLUMN())&(ROW()-4))} -> -0.60626194 | Q8: 2 | R8: 趨勢結構（MA10>MA20 且 MA20 斜率向上） | S8: =IF(OR(I25="",J25="",J20=""),"⚪",IF(AND(I25>J25,J25>J20),"🟢",IF(OR(I25>J25,J25>J20),"🟡","🔴"))) -> 🟢 | T8: =IF(OR(I25="",J25="",J20=""),"資料不足","MA10=" &TEXT(I25,"0.0")& " MA20=" &TEXT(J25,"0.0")& " " &IF(I25>J25,"多頭","空頭")& " 斜率:" &IF(J25>J20,"↑","↓")) -> MA10=30.5 MA20=29.4 多頭 斜率:↑
A9: {=INDIRECT("'"&$B$3&"'!"&CHAR(64+COLUMN())&(ROW()-4))} -> 46120 | B9: {=INDIRECT("'"&$B$3&"'!"&CHAR(64+COLUMN())&(ROW()-4))} -> 34761.38 | C9: {=INDIRECT("'"&$B$3&"'!"&CHAR(64+COLUMN())&(ROW()-4))} -> 27.9 | D9: {=INDIRECT("'"&$B$3&"'!"&CHAR(64+COLUMN())&(ROW()-4))} -> 26.75 | E9: {=INDIRECT("'"&$B$3&"'!"&CHAR(64+COLUMN())&(ROW()-4))} -> 27.9 | F9: {=INDIRECT("'"&$B$3&"'!"&CHAR(64+COLUMN())&(ROW()-4))} -> 32325 | G9: {=INDIRECT("'"&$B$3&"'!"&CHAR(64+COLUMN())&(ROW()-4))} -> 3.9106145 | H9: {=INDIRECT("'"&$B$3&"'!"&CHAR(64+COLUMN())&(ROW()-4))} -> 27.31 | ... O9: {=INDIRECT("'"&$B$3&"'!"&CHAR(64+COLUMN())&(ROW()-4))} -> -0.50636525 | Q9: 3 | R9: 動能三合（MA5>MA10 + KD金叉 + RSI6>50） | S9: =IF(OR(H25="",I25="",K25="",M25="",N25="",K24="",M24="",N24=""),"⚪",IF(AND(H25>I25,M25>N25,K25>50,OR(AND(M24<N24,M25>N25,M24<50),AND(K24<50,K25>=50),AND(M24<50,M25>=50))),"🟢",IF(AND(H25>I25,M25>N25,K25>50),"🟡",IF(SUM(IF(H25>I25,1,0),IF(M25>N25,1,0),IF(K25>50,1,0))>=2,"🟡","🔴")))) -> 🔴 | T9: ="MA金叉:"&IF(H25>I25,"✓","✗")&" KD金叉:"&IF(AND(M24<N24,M25>N25),"✓","✗")&"(K="&TEXT(M25,"0")&") RSI6:"&TEXT(K25,"0")&IF(AND(K24<50,K25>=50),"(首破50)","") -> MA金叉:✗ KD金叉:✗(K=18) RSI6:34
A10: {=INDIRECT("'"&$B$3&"'!"&CHAR(64+COLUMN())&(ROW()-4))} -> 46121 | B10: {=INDIRECT("'"&$B$3&"'!"&CHAR(64+COLUMN())&(ROW()-4))} -> 34861.16 | C10: {=INDIRECT("'"&$B$3&"'!"&CHAR(64+COLUMN())&(ROW()-4))} -> 27.75 | D10: {=INDIRECT("'"&$B$3&"'!"&CHAR(64+COLUMN())&(ROW()-4))} -> 27 | E10: {=INDIRECT("'"&$B$3&"'!"&CHAR(64+COLUMN())&(ROW()-4))} -> 27.3 | F10: {=INDIRECT("'"&$B$3&"'!"&CHAR(64+COLUMN())&(ROW()-4))} -> 28992 | G10: {=INDIRECT("'"&$B$3&"'!"&CHAR(64+COLUMN())&(ROW()-4))} -> -2.1505376 | H10: {=INDIRECT("'"&$B$3&"'!"&CHAR(64+COLUMN())&(ROW()-4))} -> 27.38 | ... O10: {=INDIRECT("'"&$B$3&"'!"&CHAR(64+COLUMN())&(ROW()-4))} -> -0.45033655 | Q10: 4 | R10: 量能（≥1.5×5日均量） | S10: =IF(F25="","⚪",IF(S9="🟢",IF(F25>=1.5*AVERAGE(F20:F24),"🟢",IF(F25>=AVERAGE(F20:F24),"🟡","🔴")),IF(S12="🟢",IF(AND(E25>E24,F25<F24),"🔴",IF(F25>=AVERAGE(F20:F24),"🟢","🟡")),IF(F25>=1.5*AVERAGE(F20:F24),"🟢",IF(F25>=AVERAGE(F20:F24),"🟡","🔴"))))) -> 🔴 | T10: ="今量="&TEXT(F25,"#,##0")&" 5日均="&TEXT(AVERAGE(F20:F24),"#,##0")&" 比值="&TEXT(F25/AVERAGE(F20:F24),"0.00")&"x"&IF(AND(E25>E24,F25<F24)," ⚠價漲量縮","") -> 今量=24,600 5日均=44,278 比值=0.56x
A11: {=INDIRECT("'"&$B$3&"'!"&CHAR(64+COLUMN())&(ROW()-4))} -> 46122 | B11: {=INDIRECT("'"&$B$3&"'!"&CHAR(64+COLUMN())&(ROW()-4))} -> 35417.83 | C11: {=INDIRECT("'"&$B$3&"'!"&CHAR(64+COLUMN())&(ROW()-4))} -> 28.65 | D11: {=INDIRECT("'"&$B$3&"'!"&CHAR(64+COLUMN())&(ROW()-4))} -> 27.9 | E11: {=INDIRECT("'"&$B$3&"'!"&CHAR(64+COLUMN())&(ROW()-4))} -> 28.2 | F11: {=INDIRECT("'"&$B$3&"'!"&CHAR(64+COLUMN())&(ROW()-4))} -> 36016 | G11: {=INDIRECT("'"&$B$3&"'!"&CHAR(64+COLUMN())&(ROW()-4))} -> 3.2967033 | H11: {=INDIRECT("'"&$B$3&"'!"&CHAR(64+COLUMN())&(ROW()-4))} -> 27.53 | ... O11: {=INDIRECT("'"&$B$3&"'!"&CHAR(64+COLUMN())&(ROW()-4))} -> -0.32798767 | Q11: 5 | R11: 停損參考（三段） | S11: — | T11: ="緊 MA10=" & TEXT(I25,"0.0") & " 中 -" & TEXT(IF(N32<0.025,5,IF(N32<0.04,6,8)),"0") & "%=" & TEXT(E25*(1-IF(N32<0.025,0.05,IF(N32<0.04,0.06,0.08))),"0.0") & " 鬆 MA20=" & TEXT(J25,"0.0") & " (σ=" & TEXT(N32,"0.0%") & ")" -> 緊 MA10=30.5 中 -6%=27.3 鬆 MA20=29.4 (σ=2.6%)
A12: {=INDIRECT("'"&$B$3&"'!"&CHAR(64+COLUMN())&(ROW()-4))} -> 46125 | B12: {=INDIRECT("'"&$B$3&"'!"&CHAR(64+COLUMN())&(ROW()-4))} -> 35457.29 | C12: {=INDIRECT("'"&$B$3&"'!"&CHAR(64+COLUMN())&(ROW()-4))} -> 29.1 | D12: {=INDIRECT("'"&$B$3&"'!"&CHAR(64+COLUMN())&(ROW()-4))} -> 27.7 | E12: {=INDIRECT("'"&$B$3&"'!"&CHAR(64+COLUMN())&(ROW()-4))} -> 29 | F12: {=INDIRECT("'"&$B$3&"'!"&CHAR(64+COLUMN())&(ROW()-4))} -> 27744 | G12: {=INDIRECT("'"&$B$3&"'!"&CHAR(64+COLUMN())&(ROW()-4))} -> 2.8368794 | H12: {=INDIRECT("'"&$B$3&"'!"&CHAR(64+COLUMN())&(ROW()-4))} -> 27.85 | ... O12: {=INDIRECT("'"&$B$3&"'!"&CHAR(64+COLUMN())&(ROW()-4))} -> -0.17611853 | Q12: 6 | R12: 持有訊號（收盤>MA5） | S12: =IF(OR(E25="",H25=""),"⚪",IF(E25>H25,"🟢",IF(AND(E25<H25,E24<H24),"🔴","🟡"))) -> 🔴 | T12: ="收盤="&TEXT(E25,"0.0")&" MA5="&TEXT(H25,"0.0")&IF(E25>H25," 守穩",IF(AND(E25<H25,E24<H24)," 連2日跌破"," 單日跌破(警示)")) -> 收盤=29.0 MA5=29.8 連2日跌破
A13: {=INDIRECT("'"&$B$3&"'!"&CHAR(64+COLUMN())&(ROW()-4))} -> 46126 | B13: {=INDIRECT("'"&$B$3&"'!"&CHAR(64+COLUMN())&(ROW()-4))} -> 36296.12 | C13: {=INDIRECT("'"&$B$3&"'!"&CHAR(64+COLUMN())&(ROW()-4))} -> 29.75 | D13: {=INDIRECT("'"&$B$3&"'!"&CHAR(64+COLUMN())&(ROW()-4))} -> 29.1 | E13: {=INDIRECT("'"&$B$3&"'!"&CHAR(64+COLUMN())&(ROW()-4))} -> 29.5 | F13: {=INDIRECT("'"&$B$3&"'!"&CHAR(64+COLUMN())&(ROW()-4))} -> 35883 | G13: {=INDIRECT("'"&$B$3&"'!"&CHAR(64+COLUMN())&(ROW()-4))} -> 1.7241379 | H13: {=INDIRECT("'"&$B$3&"'!"&CHAR(64+COLUMN())&(ROW()-4))} -> 28.38 | ... O13: {=INDIRECT("'"&$B$3&"'!"&CHAR(64+COLUMN())&(ROW()-4))} -> -0.032451788 | Q13: 7 | R13: 出場警示（4取2） | S13: =IF(SUM(IF(AND(E25>MAX(E15:E24),K25<MAX(K15:K24)),1,0),IF(AND(E25>MAX(E15:E24),F25<MAX(F15:F24)),1,0),IF(AND(E25<H25,H25<H24),1,0),IF(AND(M24>N24,M25<N25,M24>80),1,0),IF(AND(E25<J25,E24<J24),1,0))>=2,"🔴",IF(SUM(IF(AND(E25>MAX(E15:E24),K25<MAX(K15:K24)),1,0),IF(AND(E25>MAX(E15:E24),F25<MAX(F15:F24)),1,0),IF(AND(E25<H25,H25<H24),1,0),IF(AND(M24>N24,M25<N25,M24>80),1,0),IF(AND(E25<J25,E24<J24),1,0))=1,"🟡","🟢")) -> 🟡 | T13: ="RSI背離:"&IF(AND(E25>MAX(E15:E24),K25<MAX(K15:K24)),"✓","✗")&" 量價背離:"&IF(AND(E25>MAX(E15:E24),F25<MAX(F15:F24)),"✓","✗")&" MA5翻下:"&IF(AND(E25<H25,H25<H24),"✓","✗")&" KD高死叉:"&IF(AND(M24>N24,M25<N25,M24>80),"✓","✗")&" 破MA20:"&IF(AND(E25<J25,E24<J24),"✓","✗") -> RSI背離:✗ 量價背離:✗ MA5翻下:✓ KD高死叉:✗ 破MA20:✗
A14: {=INDIRECT("'"&$B$3&"'!"&CHAR(64+COLUMN())&(ROW()-4))} -> 46127 | B14: {=INDIRECT("'"&$B$3&"'!"&CHAR(64+COLUMN())&(ROW()-4))} -> 36722.14 | C14: {=INDIRECT("'"&$B$3&"'!"&CHAR(64+COLUMN())&(ROW()-4))} -> 29.95 | D14: {=INDIRECT("'"&$B$3&"'!"&CHAR(64+COLUMN())&(ROW()-4))} -> 29.05 | E14: {=INDIRECT("'"&$B$3&"'!"&CHAR(64+COLUMN())&(ROW()-4))} -> 29.45 | F14: {=INDIRECT("'"&$B$3&"'!"&CHAR(64+COLUMN())&(ROW()-4))} -> 33328 | G14: {=INDIRECT("'"&$B$3&"'!"&CHAR(64+COLUMN())&(ROW()-4))} -> -0.16949153 | H14: {=INDIRECT("'"&$B$3&"'!"&CHAR(64+COLUMN())&(ROW()-4))} -> 28.69 | ... O14: {=INDIRECT("'"&$B$3&"'!"&CHAR(64+COLUMN())&(ROW()-4))} -> 0.063516855
A15: {=INDIRECT("'"&$B$3&"'!"&CHAR(64+COLUMN())&(ROW()-4))} -> 46128 | B15: {=INDIRECT("'"&$B$3&"'!"&CHAR(64+COLUMN())&(ROW()-4))} -> 37132.02 | C15: {=INDIRECT("'"&$B$3&"'!"&CHAR(64+COLUMN())&(ROW()-4))} -> 30.7 | D15: {=INDIRECT("'"&$B$3&"'!"&CHAR(64+COLUMN())&(ROW()-4))} -> 29.2 | E15: {=INDIRECT("'"&$B$3&"'!"&CHAR(64+COLUMN())&(ROW()-4))} -> 29.4 | F15: {=INDIRECT("'"&$B$3&"'!"&CHAR(64+COLUMN())&(ROW()-4))} -> 66959 | G15: {=INDIRECT("'"&$B$3&"'!"&CHAR(64+COLUMN())&(ROW()-4))} -> -0.16977929 | H15: {=INDIRECT("'"&$B$3&"'!"&CHAR(64+COLUMN())&(ROW()-4))} -> 29.11 | ... O15: {=INDIRECT("'"&$B$3&"'!"&CHAR(64+COLUMN())&(ROW()-4))} -> 0.12441365 | Q15: 總燈號 | R15: ="通過 "&(COUNTIF(S7:S13,"🟢"))&" / 7 警示 "&COUNTIF(S7:S13,"🟡")&" 危險 "&COUNTIF(S7:S13,"🔴") -> 通過 2 / 7 警示 1 危險 3 | S15: =IF(AND(S7="🟢",COUNTIF(S7:S10,"🟢")=4,S13<>"🔴"),"🟢 強進場",IF(AND(S7="🟢",COUNTIF(S7:S10,"🟢")>=3,S13<>"🔴"),"🟢 次強進場",IF(S13="🔴","🔴 出場",IF(COUNTIF(S7:S13,"🔴")>=2,"🔴 觀望","🟡 等待")))) -> 🔴 觀望 | T15: ="基於 "&TEXT(A25,"yyyy/mm/dd")&" 收盤資料" -> 基於 2026/04/30 收盤資料
A16: {=INDIRECT("'"&$B$3&"'!"&CHAR(64+COLUMN())&(ROW()-4))} -> 46129 | B16: {=INDIRECT("'"&$B$3&"'!"&CHAR(64+COLUMN())&(ROW()-4))} -> 36804.34 | C16: {=INDIRECT("'"&$B$3&"'!"&CHAR(64+COLUMN())&(ROW()-4))} -> 31.8 | D16: {=INDIRECT("'"&$B$3&"'!"&CHAR(64+COLUMN())&(ROW()-4))} -> 29.6 | E16: {=INDIRECT("'"&$B$3&"'!"&CHAR(64+COLUMN())&(ROW()-4))} -> 30.35 | F16: {=INDIRECT("'"&$B$3&"'!"&CHAR(64+COLUMN())&(ROW()-4))} -> 99623 | G16: {=INDIRECT("'"&$B$3&"'!"&CHAR(64+COLUMN())&(ROW()-4))} -> 3.2312925 | H16: {=INDIRECT("'"&$B$3&"'!"&CHAR(64+COLUMN())&(ROW()-4))} -> 29.54 | ... O16: {=INDIRECT("'"&$B$3&"'!"&CHAR(64+COLUMN())&(ROW()-4))} -> 0.22366988
A17: {=INDIRECT("'"&$B$3&"'!"&CHAR(64+COLUMN())&(ROW()-4))} -> 46132 | B17: {=INDIRECT("'"&$B$3&"'!"&CHAR(64+COLUMN())&(ROW()-4))} -> 36958.8 | C17: {=INDIRECT("'"&$B$3&"'!"&CHAR(64+COLUMN())&(ROW()-4))} -> 31.35 | D17: {=INDIRECT("'"&$B$3&"'!"&CHAR(64+COLUMN())&(ROW()-4))} -> 29.75 | E17: {=INDIRECT("'"&$B$3&"'!"&CHAR(64+COLUMN())&(ROW()-4))} -> 30.25 | F17: {=INDIRECT("'"&$B$3&"'!"&CHAR(64+COLUMN())&(ROW()-4))} -> 74532 | G17: {=INDIRECT("'"&$B$3&"'!"&CHAR(64+COLUMN())&(ROW()-4))} -> -0.32948929 | H17: {=INDIRECT("'"&$B$3&"'!"&CHAR(64+COLUMN())&(ROW()-4))} -> 29.79 | ... O17: {=INDIRECT("'"&$B$3&"'!"&CHAR(64+COLUMN())&(ROW()-4))} -> 0.27424755 | Q17: 隔日參考價位
A18: {=INDIRECT("'"&$B$3&"'!"&CHAR(64+COLUMN())&(ROW()-4))} -> 46133 | B18: {=INDIRECT("'"&$B$3&"'!"&CHAR(64+COLUMN())&(ROW()-4))} -> 37605.11 | C18: {=INDIRECT("'"&$B$3&"'!"&CHAR(64+COLUMN())&(ROW()-4))} -> 31.95 | D18: {=INDIRECT("'"&$B$3&"'!"&CHAR(64+COLUMN())&(ROW()-4))} -> 30.75 | E18: {=INDIRECT("'"&$B$3&"'!"&CHAR(64+COLUMN())&(ROW()-4))} -> 31.45 | F18: {=INDIRECT("'"&$B$3&"'!"&CHAR(64+COLUMN())&(ROW()-4))} -> 89706 | G18: {=INDIRECT("'"&$B$3&"'!"&CHAR(64+COLUMN())&(ROW()-4))} -> 3.9669421 | H18: {=INDIRECT("'"&$B$3&"'!"&CHAR(64+COLUMN())&(ROW()-4))} -> 30.18 | ... O18: {=INDIRECT("'"&$B$3&"'!"&CHAR(64+COLUMN())&(ROW()-4))} -> 0.37400097 | Q18: 區間 | R18: 技術依據 | S18: 下緣 | T18: 上緣
A19: {=INDIRECT("'"&$B$3&"'!"&CHAR(64+COLUMN())&(ROW()-4))} -> 46134 | B19: {=INDIRECT("'"&$B$3&"'!"&CHAR(64+COLUMN())&(ROW()-4))} -> 37878.47 | C19: {=INDIRECT("'"&$B$3&"'!"&CHAR(64+COLUMN())&(ROW()-4))} -> 33.25 | D19: {=INDIRECT("'"&$B$3&"'!"&CHAR(64+COLUMN())&(ROW()-4))} -> 31.55 | E19: {=INDIRECT("'"&$B$3&"'!"&CHAR(64+COLUMN())&(ROW()-4))} -> 32.75 | F19: {=INDIRECT("'"&$B$3&"'!"&CHAR(64+COLUMN())&(ROW()-4))} -> 109771 | G19: {=INDIRECT("'"&$B$3&"'!"&CHAR(64+COLUMN())&(ROW()-4))} -> 4.1335453 | H19: {=INDIRECT("'"&$B$3&"'!"&CHAR(64+COLUMN())&(ROW()-4))} -> 30.84 | ... O19: {=INDIRECT("'"&$B$3&"'!"&CHAR(64+COLUMN())&(ROW()-4))} -> 0.5048769 | Q19: 🟢 積極買進 | R19: -1σ 統計下緣 | S19: =IF(LEFT($S$15,1)="🟢",ROUND(E25*(1-N32*1.2),1),"—") -> — | T19: =IF(LEFT($S$15,1)="🟢",ROUND(E25*(1-N32*0.8),1),"—") -> —
A20: {=INDIRECT("'"&$B$3&"'!"&CHAR(64+COLUMN())&(ROW()-4))} -> 46135 | B20: {=INDIRECT("'"&$B$3&"'!"&CHAR(64+COLUMN())&(ROW()-4))} -> 37714.15 | C20: {=INDIRECT("'"&$B$3&"'!"&CHAR(64+COLUMN())&(ROW()-4))} -> 33.55 | D20: {=INDIRECT("'"&$B$3&"'!"&CHAR(64+COLUMN())&(ROW()-4))} -> 30.6 | E20: {=INDIRECT("'"&$B$3&"'!"&CHAR(64+COLUMN())&(ROW()-4))} -> 31.2 | F20: {=INDIRECT("'"&$B$3&"'!"&CHAR(64+COLUMN())&(ROW()-4))} -> 76327 | G20: {=INDIRECT("'"&$B$3&"'!"&CHAR(64+COLUMN())&(ROW()-4))} -> -4.7328244 | H20: {=INDIRECT("'"&$B$3&"'!"&CHAR(64+COLUMN())&(ROW()-4))} -> 31.2 | ... O20: {=INDIRECT("'"&$B$3&"'!"&CHAR(64+COLUMN())&(ROW()-4))} -> 0.46536803 | Q20: 🟡 較安全買點 | R20: -1.5σ 跌深區 | S20: =IF(LEFT($S$15,1)="🟢",ROUND(E25*(1-N32*1.8),1),"—") -> — | T20: =IF(LEFT($S$15,1)="🟢",ROUND(E25*(1-N32*1.4),1),"—") -> —
A21: {=INDIRECT("'"&$B$3&"'!"&CHAR(64+COLUMN())&(ROW()-4))} -> 46136 | B21: {=INDIRECT("'"&$B$3&"'!"&CHAR(64+COLUMN())&(ROW()-4))} -> 38932.4 | C21: {=INDIRECT("'"&$B$3&"'!"&CHAR(64+COLUMN())&(ROW()-4))} -> 31.3 | D21: {=INDIRECT("'"&$B$3&"'!"&CHAR(64+COLUMN())&(ROW()-4))} -> 30 | E21: {=INDIRECT("'"&$B$3&"'!"&CHAR(64+COLUMN())&(ROW()-4))} -> 30.3 | F21: {=INDIRECT("'"&$B$3&"'!"&CHAR(64+COLUMN())&(ROW()-4))} -> 35382 | G21: {=INDIRECT("'"&$B$3&"'!"&CHAR(64+COLUMN())&(ROW()-4))} -> -2.8846154 | H21: {=INDIRECT("'"&$B$3&"'!"&CHAR(64+COLUMN())&(ROW()-4))} -> 31.19 | ... O21: {=INDIRECT("'"&$B$3&"'!"&CHAR(64+COLUMN())&(ROW()-4))} -> 0.3615572 | Q21: 🔵 強支撐買點 | R21: -2σ 強支撐 | S21: =IF(LEFT($S$15,1)="🟢",ROUND(E25*(1-N32*2.4),1),"—") -> — | T21: =IF(LEFT($S$15,1)="🟢",ROUND(E25*(1-N32*2),1),"—") -> —
A22: {=INDIRECT("'"&$B$3&"'!"&CHAR(64+COLUMN())&(ROW()-4))} -> 46139 | B22: {=INDIRECT("'"&$B$3&"'!"&CHAR(64+COLUMN())&(ROW()-4))} -> 39616.63 | C22: {=INDIRECT("'"&$B$3&"'!"&CHAR(64+COLUMN())&(ROW()-4))} -> 30.65 | D22: {=INDIRECT("'"&$B$3&"'!"&CHAR(64+COLUMN())&(ROW()-4))} -> 29.5 | E22: {=INDIRECT("'"&$B$3&"'!"&CHAR(64+COLUMN())&(ROW()-4))} -> 30 | F22: {=INDIRECT("'"&$B$3&"'!"&CHAR(64+COLUMN())&(ROW()-4))} -> 34784 | G22: {=INDIRECT("'"&$B$3&"'!"&CHAR(64+COLUMN())&(ROW()-4))} -> -0.99009901 | H22: {=INDIRECT("'"&$B$3&"'!"&CHAR(64+COLUMN())&(ROW()-4))} -> 31.14 | ... O22: {=INDIRECT("'"&$B$3&"'!"&CHAR(64+COLUMN())&(ROW()-4))} -> 0.26035162 | Q22: 🟡 小反彈賣 | R22: MA5 壓力 | S22: =IF(OR(AND(LEFT($S$15,1)="🔴",RIGHT($S$15,2)="出場"),AND($S$15="🔴 觀望",$S$12="🔴")),ROUND(MIN(H25,E25*(1+N32*0.8)),1),"—") -> 29.6 | T22: =IF(OR(AND(LEFT($S$15,1)="🔴",RIGHT($S$15,2)="出場"),AND($S$15="🔴 觀望",$S$12="🔴")),ROUND(MAX(H25,E25*(1+N32*1.2)),1),"—") -> 29.9
A23: {=INDIRECT("'"&$B$3&"'!"&CHAR(64+COLUMN())&(ROW()-4))} -> 46140 | B23: {=INDIRECT("'"&$B$3&"'!"&CHAR(64+COLUMN())&(ROW()-4))} -> 39521.73 | C23: {=INDIRECT("'"&$B$3&"'!"&CHAR(64+COLUMN())&(ROW()-4))} -> 30.45 | D23: {=INDIRECT("'"&$B$3&"'!"&CHAR(64+COLUMN())&(ROW()-4))} -> 29.6 | E23: {=INDIRECT("'"&$B$3&"'!"&CHAR(64+COLUMN())&(ROW()-4))} -> 29.85 | F23: {=INDIRECT("'"&$B$3&"'!"&CHAR(64+COLUMN())&(ROW()-4))} -> 45089 | G23: {=INDIRECT("'"&$B$3&"'!"&CHAR(64+COLUMN())&(ROW()-4))} -> -0.5 | H23: {=INDIRECT("'"&$B$3&"'!"&CHAR(64+COLUMN())&(ROW()-4))} -> 30.82 | ... O23: {=INDIRECT("'"&$B$3&"'!"&CHAR(64+COLUMN())&(ROW()-4))} -> 0.17506358 | Q23: 🔴 較佳出場 | R23: MA10 強壓 | S23: =IF(OR(AND(LEFT($S$15,1)="🔴",RIGHT($S$15,2)="出場"),AND($S$15="🔴 觀望",$S$12="🔴")),ROUND(MIN(I25,E25*(1+N32*1.4)),1),"—") -> 30.1 | T23: =IF(OR(AND(LEFT($S$15,1)="🔴",RIGHT($S$15,2)="出場"),AND($S$15="🔴 觀望",$S$12="🔴")),ROUND(MAX(I25,E25*(1+N32*1.8)),1),"—") -> 30.5
A24: {=INDIRECT("'"&$B$3&"'!"&CHAR(64+COLUMN())&(ROW()-4))} -> 46141 | B24: {=INDIRECT("'"&$B$3&"'!"&CHAR(64+COLUMN())&(ROW()-4))} -> 39303.5 | C24: {=INDIRECT("'"&$B$3&"'!"&CHAR(64+COLUMN())&(ROW()-4))} -> 30.15 | D24: {=INDIRECT("'"&$B$3&"'!"&CHAR(64+COLUMN())&(ROW()-4))} -> 29.3 | E24: {=INDIRECT("'"&$B$3&"'!"&CHAR(64+COLUMN())&(ROW()-4))} -> 29.7 | F24: {=INDIRECT("'"&$B$3&"'!"&CHAR(64+COLUMN())&(ROW()-4))} -> 29810 | G24: {=INDIRECT("'"&$B$3&"'!"&CHAR(64+COLUMN())&(ROW()-4))} -> -0.50251256 | H24: {=INDIRECT("'"&$B$3&"'!"&CHAR(64+COLUMN())&(ROW()-4))} -> 30.21 | ... O24: {=INDIRECT("'"&$B$3&"'!"&CHAR(64+COLUMN())&(ROW()-4))} -> 0.10382428 | Q24: ⚠️ 突破關鍵 | R24: 站上該價燈號轉強 | S24: =IF(OR(AND(LEFT($S$15,1)="🔴",RIGHT($S$15,2)="出場"),AND($S$15="🔴 觀望",$S$12="🔴")),ROUND(MAX(I25,E25*(1+N32*2)),1),"—") -> 30.5 | T24: =IF(OR(AND(LEFT($S$15,1)="🔴",RIGHT($S$15,2)="出場"),AND($S$15="🔴 觀望",$S$12="🔴")),ROUND(E25*(1+N32*2.4),1),"—") -> 30.8
A25: {=INDIRECT("'"&$B$3&"'!"&CHAR(64+COLUMN())&(ROW()-4))} -> 46142 | B25: {=INDIRECT("'"&$B$3&"'!"&CHAR(64+COLUMN())&(ROW()-4))} -> 38926.63 | C25: {=INDIRECT("'"&$B$3&"'!"&CHAR(64+COLUMN())&(ROW()-4))} -> 29.55 | D25: {=INDIRECT("'"&$B$3&"'!"&CHAR(64+COLUMN())&(ROW()-4))} -> 29 | E25: {=INDIRECT("'"&$B$3&"'!"&CHAR(64+COLUMN())&(ROW()-4))} -> 29 | F25: {=INDIRECT("'"&$B$3&"'!"&CHAR(64+COLUMN())&(ROW()-4))} -> 24600 | G25: {=INDIRECT("'"&$B$3&"'!"&CHAR(64+COLUMN())&(ROW()-4))} -> -2.3569024 | H25: {=INDIRECT("'"&$B$3&"'!"&CHAR(64+COLUMN())&(ROW()-4))} -> 29.77 | ... O25: {=INDIRECT("'"&$B$3&"'!"&CHAR(64+COLUMN())&(ROW()-4))} -> 0.0097885866 | Q25: 說明 | R25: =IF(LEFT($S$15,1)="🟢","燈號偏多→顯示買進區間（以收盤 "&TEXT(E25,"0.0")&"、σ="&TEXT(N32,"0.00%")&"）",IF(OR(AND(LEFT($S$15,1)="🔴",RIGHT($S$15,2)="出場"),AND($S$15="🔴 觀望",$S$12="🔴")),"燈號偏空→顯示賣出區間（以收盤 "&TEXT(E25,"0.0")&"、σ="&TEXT(N32,"0.00%")&"）","目前燈號為「"&$S$15&"」，建議等待、不推薦進出場")) -> 燈號偏空→顯示賣出區間（以收盤 29.0、σ=2.64%）
Q26: 距離預警 | R26: 目標價 | S26: 距現價 | T26: 說明
A27: 2025年 各季 EPS（元） | G27: 2026年 各季 EPS（元） | M27: 摘要統計 | Q27: 🟢 至買進區 | R27: =ROUND(E25*(1-N32),1) -> 28.2 | S27: =ROUND((E25*(1-N32)-E25)/E25,4) -> -0.0264 | T27: ="再跌 "&TEXT(ABS((E25*(1-N32)-E25)/E25),"0.0%")&" 至 "&TEXT(E25*(1-N32),"0.0")&" 進入積極買進區" -> 再跌 2.6% 至 28.2 進入積極買進區
A28: 季別 | B28: Q1 | C28: Q2 | D28: Q3 | E28: Q4 | G28: 季別 | H28: Q1 | I28: Q2 | J28: Q3 | K28: Q4 | M28: 最高價 | N28: =MAX(C6:C25) -> 33.55 | Q28: 🔴 至賣出區 | R28: =ROUND(MAX(H25,E25*(1+N32)),1) -> 29.8 | S28: =ROUND((MAX(H25,E25*(1+N32))-E25)/E25,4) -> 0.0266 | T28: ="再漲 "&TEXT(ABS((MAX(H25,E25*(1+N32))-E25)/E25),"0.0%")&" 至 "&TEXT(MAX(H25,E25*(1+N32)),"0.0")&" 進入反彈賣出區" -> 再漲 2.7% 至 29.8 進入反彈賣出區
A29: 單季 EPS | B29: 0.5 | C29: 0.11 | D29: 0.45 | E29: 0.32 | G29: 單季 EPS | M29: 最低價 | N29: =MIN(D6:D25) -> 26.75
A30: 全年合計 | B30: 1.38 | G30: 全年合計 | M30: 平均收盤 | N30: =AVERAGE(E6:E25) -> 29.365
A31: 季變化 | B31: — | C31: -0.78 | D31: 3.0909091 | E31: -0.28888889 | G31: 季變化 | H31: — | M31: 15日漲幅 | N31: =(E25-E6)/E6 -> 0.056466302
A32: 來源：Yahoo奇摩股市（非官方第三方） | M32: 波動率 | N32: =STDEV(G7:G25)/100 -> 0.026361107
A33: 2324 仁寶 ─ 股價合理性評估 | G33: 股價合理性評估（三法平均） | M33: 最新收盤 | N33: =E25 -> 29
A34: 股利 | B34: 1.1 | H34: 便宜價 | I34: 合理價 | J34: 貴價
A35: 每股淨值 | B35: 30.25 | G35: PER 法 | H35: =B36*B30 -> 11.04 | I35: =C36*B30 -> 16.56 | J35: =D36*B30 -> 24.84
A36: PER 倍數 | B36: 8 | C36: 12 | D36: 18 | G36: PBR 法 | H36: =B37*B35 -> 24.2 | I36: =C37*B35 -> 36.3 | J36: =D37*B35 -> 54.45
A37: PBR 倍數 | B37: 0.8 | C37: 1.2 | D37: 1.8 | G37: 殖利率法 | H37: =B34/B38 -> 18.333333 | I37: =B34/C38 -> 24.444444 | J37: =B34/D38 -> 36.666667
A38: 殖利率 | B38: 0.06 | C38: 0.045 | D38: 0.03 | G38: 三法平均 | H38: =AVERAGE(H35,H36,H37) -> 17.857778 | I38: =AVERAGE(I35,I36,I37) -> 25.768148 | J38: =AVERAGE(J35,J36,J37) -> 38.652222

Sheet 2382 廣達
A1: 2382 廣達 - 近20日股價追蹤
A2: 所屬產業： | B2: AI伺服器/筆電
A3: 資料來源： | B3: 2382
A5: 日期 | B5: 大盤 | C5: 最高 | D5: 最低 | E5: 收盤 | F5: 成交量(張) | G5: 漲跌幅 | H5: MA5 | I5: MA10 | J5: MA20 | K5: RSI(6) | L5: RSI(12) | M5: KD-K | N5: KD-D | O5: MACD-OSC | Q5: 燈號儀表板
A6: {=INDIRECT("'"&$B$3&"'!"&CHAR(64+COLUMN())&(ROW()-4))} -> 46113 | B6: {=INDIRECT("'"&$B$3&"'!"&CHAR(64+COLUMN())&(ROW()-4))} -> 33174.82 | C6: {=INDIRECT("'"&$B$3&"'!"&CHAR(64+COLUMN())&(ROW()-4))} -> 291 | D6: {=INDIRECT("'"&$B$3&"'!"&CHAR(64+COLUMN())&(ROW()-4))} -> 285 | E6: {=INDIRECT("'"&$B$3&"'!"&CHAR(64+COLUMN())&(ROW()-4))} -> 290.5 | F6: {=INDIRECT("'"&$B$3&"'!"&CHAR(64+COLUMN())&(ROW()-4))} -> 18751 | G6: {=INDIRECT("'"&$B$3&"'!"&CHAR(64+COLUMN())&(ROW()-4))} -> 4.3087971 | H6: {=INDIRECT("'"&$B$3&"'!"&CHAR(64+COLUMN())&(ROW()-4))} -> 285.2 | ... O6: {=INDIRECT("'"&$B$3&"'!"&CHAR(64+COLUMN())&(ROW()-4))} -> -0.32147255 | Q6: 步驟 | R6: 條件 | S6: 燈號 | T6: 細節
A7: {=INDIRECT("'"&$B$3&"'!"&CHAR(64+COLUMN())&(ROW()-4))} -> 46114 | B7: {=INDIRECT("'"&$B$3&"'!"&CHAR(64+COLUMN())&(ROW()-4))} -> 32572.43 | C7: {=INDIRECT("'"&$B$3&"'!"&CHAR(64+COLUMN())&(ROW()-4))} -> 291.5 | D7: {=INDIRECT("'"&$B$3&"'!"&CHAR(64+COLUMN())&(ROW()-4))} -> 284.5 | E7: {=INDIRECT("'"&$B$3&"'!"&CHAR(64+COLUMN())&(ROW()-4))} -> 284.5 | F7: {=INDIRECT("'"&$B$3&"'!"&CHAR(64+COLUMN())&(ROW()-4))} -> 11221 | G7: {=INDIRECT("'"&$B$3&"'!"&CHAR(64+COLUMN())&(ROW()-4))} -> -2.0654045 | H7: {=INDIRECT("'"&$B$3&"'!"&CHAR(64+COLUMN())&(ROW()-4))} -> 284.7 | ... O7: {=INDIRECT("'"&$B$3&"'!"&CHAR(64+COLUMN())&(ROW()-4))} -> -0.30306605 | Q7: 1 | R7: 大盤過濾（大盤 > 自身 MA20） | S7: =IF(COUNT(B6:B25)<5,"⚪",IF(AND(B25>AVERAGE(B6:B25),B25>B20),"🟢",IF(OR(B25>AVERAGE(B6:B25),B25>B20),"🟡","🔴"))) -> 🟢 | T7: =IF(COUNT(B6:B25)<5,"大盤資料不足","大盤="&TEXT(B25,"#,##0")&" vs MA="&TEXT(AVERAGE(B6:B25),"#,##0")&" 斜率:"&IF(B25>B20,"↑","↓")) -> 大盤=38,927 vs MA=36,644 斜率:↑
A8: {=INDIRECT("'"&$B$3&"'!"&CHAR(64+COLUMN())&(ROW()-4))} -> 46119 | B8: {=INDIRECT("'"&$B$3&"'!"&CHAR(64+COLUMN())&(ROW()-4))} -> 33229.82 | C8: {=INDIRECT("'"&$B$3&"'!"&CHAR(64+COLUMN())&(ROW()-4))} -> 289.5 | D8: {=INDIRECT("'"&$B$3&"'!"&CHAR(64+COLUMN())&(ROW()-4))} -> 284 | E8: {=INDIRECT("'"&$B$3&"'!"&CHAR(64+COLUMN())&(ROW()-4))} -> 289 | F8: {=INDIRECT("'"&$B$3&"'!"&CHAR(64+COLUMN())&(ROW()-4))} -> 9060 | G8: {=INDIRECT("'"&$B$3&"'!"&CHAR(64+COLUMN())&(ROW()-4))} -> 1.5817223 | H8: {=INDIRECT("'"&$B$3&"'!"&CHAR(64+COLUMN())&(ROW()-4))} -> 284.7 | ... O8: {=INDIRECT("'"&$B$3&"'!"&CHAR(64+COLUMN())&(ROW()-4))} -> 0.010389807 | Q8: 2 | R8: 趨勢結構（MA10>MA20 且 MA20 斜率向上） | S8: =IF(OR(I25="",J25="",J20=""),"⚪",IF(AND(I25>J25,J25>J20),"🟢",IF(OR(I25>J25,J25>J20),"🟡","🔴"))) -> 🟢 | T8: =IF(OR(I25="",J25="",J20=""),"資料不足","MA10=" &TEXT(I25,"0.0")& " MA20=" &TEXT(J25,"0.0")& " " &IF(I25>J25,"多頭","空頭")& " 斜率:" &IF(J25>J20,"↑","↓")) -> MA10=325.3 MA20=316.4 多頭 斜率:↑
A9: {=INDIRECT("'"&$B$3&"'!"&CHAR(64+COLUMN())&(ROW()-4))} -> 46120 | B9: {=INDIRECT("'"&$B$3&"'!"&CHAR(64+COLUMN())&(ROW()-4))} -> 34761.38 | C9: {=INDIRECT("'"&$B$3&"'!"&CHAR(64+COLUMN())&(ROW()-4))} -> 307.5 | D9: {=INDIRECT("'"&$B$3&"'!"&CHAR(64+COLUMN())&(ROW()-4))} -> 293.5 | E9: {=INDIRECT("'"&$B$3&"'!"&CHAR(64+COLUMN())&(ROW()-4))} -> 307.5 | F9: {=INDIRECT("'"&$B$3&"'!"&CHAR(64+COLUMN())&(ROW()-4))} -> 54410 | G9: {=INDIRECT("'"&$B$3&"'!"&CHAR(64+COLUMN())&(ROW()-4))} -> 6.4013841 | H9: {=INDIRECT("'"&$B$3&"'!"&CHAR(64+COLUMN())&(ROW()-4))} -> 290 | ... O9: {=INDIRECT("'"&$B$3&"'!"&CHAR(64+COLUMN())&(ROW()-4))} -> 1.3857686 | Q9: 3 | R9: 動能三合（MA5>MA10 + KD金叉 + RSI6>50） | S9: =IF(OR(H25="",I25="",K25="",M25="",N25="",K24="",M24="",N24=""),"⚪",IF(AND(H25>I25,M25>N25,K25>50,OR(AND(M24<N24,M25>N25,M24<50),AND(K24<50,K25>=50),AND(M24<50,M25>=50))),"🟢",IF(AND(H25>I25,M25>N25,K25>50),"🟡",IF(SUM(IF(H25>I25,1,0),IF(M25>N25,1,0),IF(K25>50,1,0))>=2,"🟡","🔴")))) -> 🔴 | T9: ="MA金叉:"&IF(H25>I25,"✓","✗")&" KD金叉:"&IF(AND(M24<N24,M25>N25),"✓","✗")&"(K="&TEXT(M25,"0")&") RSI6:"&TEXT(K25,"0")&IF(AND(K24<50,K25>=50),"(首破50)","") -> MA金叉:✗ KD金叉:✗(K=26) RSI6:37
A10: {=INDIRECT("'"&$B$3&"'!"&CHAR(64+COLUMN())&(ROW()-4))} -> 46121 | B10: {=INDIRECT("'"&$B$3&"'!"&CHAR(64+COLUMN())&(ROW()-4))} -> 34861.16 | C10: {=INDIRECT("'"&$B$3&"'!"&CHAR(64+COLUMN())&(ROW()-4))} -> 314 | D10: {=INDIRECT("'"&$B$3&"'!"&CHAR(64+COLUMN())&(ROW()-4))} -> 295 | E10: {=INDIRECT("'"&$B$3&"'!"&CHAR(64+COLUMN())&(ROW()-4))} -> 313 | F10: {=INDIRECT("'"&$B$3&"'!"&CHAR(64+COLUMN())&(ROW()-4))} -> 46807 | G10: {=INDIRECT("'"&$B$3&"'!"&CHAR(64+COLUMN())&(ROW()-4))} -> 1.7886179 | H10: {=INDIRECT("'"&$B$3&"'!"&CHAR(64+COLUMN())&(ROW()-4))} -> 296.9 | ... O10: {=INDIRECT("'"&$B$3&"'!"&CHAR(64+COLUMN())&(ROW()-4))} -> 2.5218525 | Q10: 4 | R10: 量能（≥1.5×5日均量） | S10: =IF(F25="","⚪",IF(S9="🟢",IF(F25>=1.5*AVERAGE(F20:F24),"🟢",IF(F25>=AVERAGE(F20:F24),"🟡","🔴")),IF(S12="🟢",IF(AND(E25>E24,F25<F24),"🔴",IF(F25>=AVERAGE(F20:F24),"🟢","🟡")),IF(F25>=1.5*AVERAGE(F20:F24),"🟢",IF(F25>=AVERAGE(F20:F24),"🟡","🔴"))))) -> 🟡 | T10: ="今量="&TEXT(F25,"#,##0")&" 5日均="&TEXT(AVERAGE(F20:F24),"#,##0")&" 比值="&TEXT(F25/AVERAGE(F20:F24),"0.00")&"x"&IF(AND(E25>E24,F25<F24)," ⚠價漲量縮","") -> 今量=18,917 5日均=17,993 比值=1.05x
A11: {=INDIRECT("'"&$B$3&"'!"&CHAR(64+COLUMN())&(ROW()-4))} -> 46122 | B11: {=INDIRECT("'"&$B$3&"'!"&CHAR(64+COLUMN())&(ROW()-4))} -> 35417.83 | C11: {=INDIRECT("'"&$B$3&"'!"&CHAR(64+COLUMN())&(ROW()-4))} -> 327.5 | D11: {=INDIRECT("'"&$B$3&"'!"&CHAR(64+COLUMN())&(ROW()-4))} -> 312 | E11: {=INDIRECT("'"&$B$3&"'!"&CHAR(64+COLUMN())&(ROW()-4))} -> 321.5 | F11: {=INDIRECT("'"&$B$3&"'!"&CHAR(64+COLUMN())&(ROW()-4))} -> 39034 | G11: {=INDIRECT("'"&$B$3&"'!"&CHAR(64+COLUMN())&(ROW()-4))} -> 2.715655 | H11: {=INDIRECT("'"&$B$3&"'!"&CHAR(64+COLUMN())&(ROW()-4))} -> 303.1 | ... O11: {=INDIRECT("'"&$B$3&"'!"&CHAR(64+COLUMN())&(ROW()-4))} -> 3.6341006 | Q11: 5 | R11: 停損參考（三段） | S11: — | T11: ="緊 MA10=" & TEXT(I25,"0.0") & " 中 -" & TEXT(IF(N32<0.025,5,IF(N32<0.04,6,8)),"0") & "%=" & TEXT(E25*(1-IF(N32<0.025,0.05,IF(N32<0.04,0.06,0.08))),"0.0") & " 鬆 MA20=" & TEXT(J25,"0.0") & " (σ=" & TEXT(N32,"0.0%") & ")" -> 緊 MA10=325.3 中 -6%=293.8 鬆 MA20=316.4 (σ=2.7%)
A12: {=INDIRECT("'"&$B$3&"'!"&CHAR(64+COLUMN())&(ROW()-4))} -> 46125 | B12: {=INDIRECT("'"&$B$3&"'!"&CHAR(64+COLUMN())&(ROW()-4))} -> 35457.29 | C12: {=INDIRECT("'"&$B$3&"'!"&CHAR(64+COLUMN())&(ROW()-4))} -> 320.5 | D12: {=INDIRECT("'"&$B$3&"'!"&CHAR(64+COLUMN())&(ROW()-4))} -> 313 | E12: {=INDIRECT("'"&$B$3&"'!"&CHAR(64+COLUMN())&(ROW()-4))} -> 319 | F12: {=INDIRECT("'"&$B$3&"'!"&CHAR(64+COLUMN())&(ROW()-4))} -> 16849 | G12: {=INDIRECT("'"&$B$3&"'!"&CHAR(64+COLUMN())&(ROW()-4))} -> -0.77760498 | H12: {=INDIRECT("'"&$B$3&"'!"&CHAR(64+COLUMN())&(ROW()-4))} -> 310 | ... O12: {=INDIRECT("'"&$B$3&"'!"&CHAR(64+COLUMN())&(ROW()-4))} -> 3.962826 | Q12: 6 | R12: 持有訊號（收盤>MA5） | S12: =IF(OR(E25="",H25=""),"⚪",IF(E25>H25,"🟢",IF(AND(E25<H25,E24<H24),"🔴","🟡"))) -> 🔴 | T12: ="收盤="&TEXT(E25,"0.0")&" MA5="&TEXT(H25,"0.0")&IF(E25>H25," 守穩",IF(AND(E25<H25,E24<H24)," 連2日跌破"," 單日跌破(警示)")) -> 收盤=312.5 MA5=320.8 連2日跌破
A13: {=INDIRECT("'"&$B$3&"'!"&CHAR(64+COLUMN())&(ROW()-4))} -> 46126 | B13: {=INDIRECT("'"&$B$3&"'!"&CHAR(64+COLUMN())&(ROW()-4))} -> 36296.12 | C13: {=INDIRECT("'"&$B$3&"'!"&CHAR(64+COLUMN())&(ROW()-4))} -> 329.5 | D13: {=INDIRECT("'"&$B$3&"'!"&CHAR(64+COLUMN())&(ROW()-4))} -> 321 | E13: {=INDIRECT("'"&$B$3&"'!"&CHAR(64+COLUMN())&(ROW()-4))} -> 323 | F13: {=INDIRECT("'"&$B$3&"'!"&CHAR(64+COLUMN())&(ROW()-4))} -> 20523 | G13: {=INDIRECT("'"&$B$3&"'!"&CHAR(64+COLUMN())&(ROW()-4))} -> 1.2539185 | H13: {=INDIRECT("'"&$B$3&"'!"&CHAR(64+COLUMN())&(ROW()-4))} -> 316.8 | ... O13: {=INDIRECT("'"&$B$3&"'!"&CHAR(64+COLUMN())&(ROW()-4))} -> 4.1890049 | Q13: 7 | R13: 出場警示（4取2） | S13: =IF(SUM(IF(AND(E25>MAX(E15:E24),K25<MAX(K15:K24)),1,0),IF(AND(E25>MAX(E15:E24),F25<MAX(F15:F24)),1,0),IF(AND(E25<H25,H25<H24),1,0),IF(AND(M24>N24,M25<N25,M24>80),1,0),IF(AND(E25<J25,E24<J24),1,0))>=2,"🔴",IF(SUM(IF(AND(E25>MAX(E15:E24),K25<MAX(K15:K24)),1,0),IF(AND(E25>MAX(E15:E24),F25<MAX(F15:F24)),1,0),IF(AND(E25<H25,H25<H24),1,0),IF(AND(M24>N24,M25<N25,M24>80),1,0),IF(AND(E25<J25,E24<J24),1,0))=1,"🟡","🟢")) -> 🟡 | T13: ="RSI背離:"&IF(AND(E25>MAX(E15:E24),K25<MAX(K15:K24)),"✓","✗")&" 量價背離:"&IF(AND(E25>MAX(E15:E24),F25<MAX(F15:F24)),"✓","✗")&" MA5翻下:"&IF(AND(E25<H25,H25<H24),"✓","✗")&" KD高死叉:"&IF(AND(M24>N24,M25<N25,M24>80),"✓","✗")&" 破MA20:"&IF(AND(E25<J25,E24<J24),"✓","✗") -> RSI背離:✗ 量價背離:✗ MA5翻下:✓ KD高死叉:✗ 破MA20:✗
A14: {=INDIRECT("'"&$B$3&"'!"&CHAR(64+COLUMN())&(ROW()-4))} -> 46127 | B14: {=INDIRECT("'"&$B$3&"'!"&CHAR(64+COLUMN())&(ROW()-4))} -> 36722.14 | C14: {=INDIRECT("'"&$B$3&"'!"&CHAR(64+COLUMN())&(ROW()-4))} -> 325 | D14: {=INDIRECT("'"&$B$3&"'!"&CHAR(64+COLUMN())&(ROW()-4))} -> 307 | E14: {=INDIRECT("'"&$B$3&"'!"&CHAR(64+COLUMN())&(ROW()-4))} -> 308.5 | F14: {=INDIRECT("'"&$B$3&"'!"&CHAR(64+COLUMN())&(ROW()-4))} -> 34222 | G14: {=INDIRECT("'"&$B$3&"'!"&CHAR(64+COLUMN())&(ROW()-4))} -> -4.4891641 | H14: {=INDIRECT("'"&$B$3&"'!"&CHAR(64+COLUMN())&(ROW()-4))} -> 317 | ... O14: {=INDIRECT("'"&$B$3&"'!"&CHAR(64+COLUMN())&(ROW()-4))} -> 3.1488787
A15: {=INDIRECT("'"&$B$3&"'!"&CHAR(64+COLUMN())&(ROW()-4))} -> 46128 | B15: {=INDIRECT("'"&$B$3&"'!"&CHAR(64+COLUMN())&(ROW()-4))} -> 37132.02 | C15: {=INDIRECT("'"&$B$3&"'!"&CHAR(64+COLUMN())&(ROW()-4))} -> 318.5 | D15: {=INDIRECT("'"&$B$3&"'!"&CHAR(64+COLUMN())&(ROW()-4))} -> 311 | E15: {=INDIRECT("'"&$B$3&"'!"&CHAR(64+COLUMN())&(ROW()-4))} -> 318.5 | F15: {=INDIRECT("'"&$B$3&"'!"&CHAR(64+COLUMN())&(ROW()-4))} -> 19430 | G15: {=INDIRECT("'"&$B$3&"'!"&CHAR(64+COLUMN())&(ROW()-4))} -> 3.2414911 | H15: {=INDIRECT("'"&$B$3&"'!"&CHAR(64+COLUMN())&(ROW()-4))} -> 318.1 | ... O15: {=INDIRECT("'"&$B$3&"'!"&CHAR(64+COLUMN())&(ROW()-4))} -> 2.9259378 | Q15: 總燈號 | R15: ="通過 "&(COUNTIF(S7:S13,"🟢"))&" / 7 警示 "&COUNTIF(S7:S13,"🟡")&" 危險 "&COUNTIF(S7:S13,"🔴") -> 通過 2 / 7 警示 2 危險 2 | S15: =IF(AND(S7="🟢",COUNTIF(S7:S10,"🟢")=4,S13<>"🔴"),"🟢 強進場",IF(AND(S7="🟢",COUNTIF(S7:S10,"🟢")>=3,S13<>"🔴"),"🟢 次強進場",IF(S13="🔴","🔴 出場",IF(COUNTIF(S7:S13,"🔴")>=2,"🔴 觀望","🟡 等待")))) -> 🔴 觀望 | T15: ="基於 "&TEXT(A25,"yyyy/mm/dd")&" 收盤資料" -> 基於 2026/04/30 收盤資料
A16: {=INDIRECT("'"&$B$3&"'!"&CHAR(64+COLUMN())&(ROW()-4))} -> 46129 | B16: {=INDIRECT("'"&$B$3&"'!"&CHAR(64+COLUMN())&(ROW()-4))} -> 36804.34 | C16: {=INDIRECT("'"&$B$3&"'!"&CHAR(64+COLUMN())&(ROW()-4))} -> 327.5 | D16: {=INDIRECT("'"&$B$3&"'!"&CHAR(64+COLUMN())&(ROW()-4))} -> 317.5 | E16: {=INDIRECT("'"&$B$3&"'!"&CHAR(64+COLUMN())&(ROW()-4))} -> 323 | F16: {=INDIRECT("'"&$B$3&"'!"&CHAR(64+COLUMN())&(ROW()-4))} -> 20083 | G16: {=INDIRECT("'"&$B$3&"'!"&CHAR(64+COLUMN())&(ROW()-4))} -> 1.4128728 | H16: {=INDIRECT("'"&$B$3&"'!"&CHAR(64+COLUMN())&(ROW()-4))} -> 318.4 | ... O16: {=INDIRECT("'"&$B$3&"'!"&CHAR(64+COLUMN())&(ROW()-4))} -> 2.8692138
A17: {=INDIRECT("'"&$B$3&"'!"&CHAR(64+COLUMN())&(ROW()-4))} -> 46132 | B17: {=INDIRECT("'"&$B$3&"'!"&CHAR(64+COLUMN())&(ROW()-4))} -> 36958.8 | C17: {=INDIRECT("'"&$B$3&"'!"&CHAR(64+COLUMN())&(ROW()-4))} -> 330.5 | D17: {=INDIRECT("'"&$B$3&"'!"&CHAR(64+COLUMN())&(ROW()-4))} -> 320 | E17: {=INDIRECT("'"&$B$3&"'!"&CHAR(64+COLUMN())&(ROW()-4))} -> 329 | F17: {=INDIRECT("'"&$B$3&"'!"&CHAR(64+COLUMN())&(ROW()-4))} -> 19861 | G17: {=INDIRECT("'"&$B$3&"'!"&CHAR(64+COLUMN())&(ROW()-4))} -> 1.8575851 | H17: {=INDIRECT("'"&$B$3&"'!"&CHAR(64+COLUMN())&(ROW()-4))} -> 320.4 | ... O17: {=INDIRECT("'"&$B$3&"'!"&CHAR(64+COLUMN())&(ROW()-4))} -> 3.008832 | Q17: 隔日參考價位
A18: {=INDIRECT("'"&$B$3&"'!"&CHAR(64+COLUMN())&(ROW()-4))} -> 46133 | B18: {=INDIRECT("'"&$B$3&"'!"&CHAR(64+COLUMN())&(ROW()-4))} -> 37605.11 | C18: {=INDIRECT("'"&$B$3&"'!"&CHAR(64+COLUMN())&(ROW()-4))} -> 341 | D18: {=INDIRECT("'"&$B$3&"'!"&CHAR(64+COLUMN())&(ROW()-4))} -> 332 | E18: {=INDIRECT("'"&$B$3&"'!"&CHAR(64+COLUMN())&(ROW()-4))} -> 340 | F18: {=INDIRECT("'"&$B$3&"'!"&CHAR(64+COLUMN())&(ROW()-4))} -> 24631 | G18: {=INDIRECT("'"&$B$3&"'!"&CHAR(64+COLUMN())&(ROW()-4))} -> 3.343465 | H18: {=INDIRECT("'"&$B$3&"'!"&CHAR(64+COLUMN())&(ROW()-4))} -> 323.8 | ... O18: {=INDIRECT("'"&$B$3&"'!"&CHAR(64+COLUMN())&(ROW()-4))} -> 3.5764252 | Q18: 區間 | R18: 技術依據 | S18: 下緣 | T18: 上緣
A19: {=INDIRECT("'"&$B$3&"'!"&CHAR(64+COLUMN())&(ROW()-4))} -> 46134 | B19: {=INDIRECT("'"&$B$3&"'!"&CHAR(64+COLUMN())&(ROW()-4))} -> 37878.47 | C19: {=INDIRECT("'"&$B$3&"'!"&CHAR(64+COLUMN())&(ROW()-4))} -> 345 | D19: {=INDIRECT("'"&$B$3&"'!"&CHAR(64+COLUMN())&(ROW()-4))} -> 333.5 | E19: {=INDIRECT("'"&$B$3&"'!"&CHAR(64+COLUMN())&(ROW()-4))} -> 335 | F19: {=INDIRECT("'"&$B$3&"'!"&CHAR(64+COLUMN())&(ROW()-4))} -> 18439 | G19: {=INDIRECT("'"&$B$3&"'!"&CHAR(64+COLUMN())&(ROW()-4))} -> -1.4705882 | H19: {=INDIRECT("'"&$B$3&"'!"&CHAR(64+COLUMN())&(ROW()-4))} -> 329.1 | ... O19: {=INDIRECT("'"&$B$3&"'!"&CHAR(64+COLUMN())&(ROW()-4))} -> 3.3532766 | Q19: 🟢 積極買進 | R19: -1σ 統計下緣 | S19: =IF(LEFT($S$15,1)="🟢",ROUND(E25*(1-N32*1.2),1),"—") -> — | T19: =IF(LEFT($S$15,1)="🟢",ROUND(E25*(1-N32*0.8),1),"—") -> —
A20: {=INDIRECT("'"&$B$3&"'!"&CHAR(64+COLUMN())&(ROW()-4))} -> 46135 | B20: {=INDIRECT("'"&$B$3&"'!"&CHAR(64+COLUMN())&(ROW()-4))} -> 37714.15 | C20: {=INDIRECT("'"&$B$3&"'!"&CHAR(64+COLUMN())&(ROW()-4))} -> 339 | D20: {=INDIRECT("'"&$B$3&"'!"&CHAR(64+COLUMN())&(ROW()-4))} -> 317 | E20: {=INDIRECT("'"&$B$3&"'!"&CHAR(64+COLUMN())&(ROW()-4))} -> 322 | F20: {=INDIRECT("'"&$B$3&"'!"&CHAR(64+COLUMN())&(ROW()-4))} -> 27349 | G20: {=INDIRECT("'"&$B$3&"'!"&CHAR(64+COLUMN())&(ROW()-4))} -> -3.880597 | H20: {=INDIRECT("'"&$B$3&"'!"&CHAR(64+COLUMN())&(ROW()-4))} -> 329.8 | ... O20: {=INDIRECT("'"&$B$3&"'!"&CHAR(64+COLUMN())&(ROW()-4))} -> 2.1280202 | Q20: 🟡 較安全買點 | R20: -1.5σ 跌深區 | S20: =IF(LEFT($S$15,1)="🟢",ROUND(E25*(1-N32*1.8),1),"—") -> — | T20: =IF(LEFT($S$15,1)="🟢",ROUND(E25*(1-N32*1.4),1),"—") -> —
A21: {=INDIRECT("'"&$B$3&"'!"&CHAR(64+COLUMN())&(ROW()-4))} -> 46136 | B21: {=INDIRECT("'"&$B$3&"'!"&CHAR(64+COLUMN())&(ROW()-4))} -> 38932.4 | C21: {=INDIRECT("'"&$B$3&"'!"&CHAR(64+COLUMN())&(ROW()-4))} -> 326.5 | D21: {=INDIRECT("'"&$B$3&"'!"&CHAR(64+COLUMN())&(ROW()-4))} -> 318 | E21: {=INDIRECT("'"&$B$3&"'!"&CHAR(64+COLUMN())&(ROW()-4))} -> 323 | F21: {=INDIRECT("'"&$B$3&"'!"&CHAR(64+COLUMN())&(ROW()-4))} -> 18393 | G21: {=INDIRECT("'"&$B$3&"'!"&CHAR(64+COLUMN())&(ROW()-4))} -> 0.31055901 | H21: {=INDIRECT("'"&$B$3&"'!"&CHAR(64+COLUMN())&(ROW()-4))} -> 329.8 | ... O21: {=INDIRECT("'"&$B$3&"'!"&CHAR(64+COLUMN())&(ROW()-4))} -> 1.2274889 | Q21: 🔵 強支撐買點 | R21: -2σ 強支撐 | S21: =IF(LEFT($S$15,1)="🟢",ROUND(E25*(1-N32*2.4),1),"—") -> — | T21: =IF(LEFT($S$15,1)="🟢",ROUND(E25*(1-N32*2),1),"—") -> —
A22: {=INDIRECT("'"&$B$3&"'!"&CHAR(64+COLUMN())&(ROW()-4))} -> 46139 | B22: {=INDIRECT("'"&$B$3&"'!"&CHAR(64+COLUMN())&(ROW()-4))} -> 39616.63 | C22: {=INDIRECT("'"&$B$3&"'!"&CHAR(64+COLUMN())&(ROW()-4))} -> 328.5 | D22: {=INDIRECT("'"&$B$3&"'!"&CHAR(64+COLUMN())&(ROW()-4))} -> 319.5 | E22: {=INDIRECT("'"&$B$3&"'!"&CHAR(64+COLUMN())&(ROW()-4))} -> 325.5 | F22: {=INDIRECT("'"&$B$3&"'!"&CHAR(64+COLUMN())&(ROW()-4))} -> 16453 | G22: {=INDIRECT("'"&$B$3&"'!"&CHAR(64+COLUMN())&(ROW()-4))} -> 0.77399381 | H22: {=INDIRECT("'"&$B$3&"'!"&CHAR(64+COLUMN())&(ROW()-4))} -> 329.1 | ... O22: {=INDIRECT("'"&$B$3&"'!"&CHAR(64+COLUMN())&(ROW()-4))} -> 0.67062534 | Q22: 🟡 小反彈賣 | R22: MA5 壓力 | S22: =IF(OR(AND(LEFT($S$15,1)="🔴",RIGHT($S$15,2)="出場"),AND($S$15="🔴 觀望",$S$12="🔴")),ROUND(MIN(H25,E25*(1+N32*0.8)),1),"—") -> 319.3 | T22: =IF(OR(AND(LEFT($S$15,1)="🔴",RIGHT($S$15,2)="出場"),AND($S$15="🔴 觀望",$S$12="🔴")),ROUND(MAX(H25,E25*(1+N32*1.2)),1),"—") -> 322.7
A23: {=INDIRECT("'"&$B$3&"'!"&CHAR(64+COLUMN())&(ROW()-4))} -> 46140 | B23: {=INDIRECT("'"&$B$3&"'!"&CHAR(64+COLUMN())&(ROW()-4))} -> 39521.73 | C23: {=INDIRECT("'"&$B$3&"'!"&CHAR(64+COLUMN())&(ROW()-4))} -> 330 | D23: {=INDIRECT("'"&$B$3&"'!"&CHAR(64+COLUMN())&(ROW()-4))} -> 317.5 | E23: {=INDIRECT("'"&$B$3&"'!"&CHAR(64+COLUMN())&(ROW()-4))} -> 321 | F23: {=INDIRECT("'"&$B$3&"'!"&CHAR(64+COLUMN())&(ROW()-4))} -> 15997 | G23: {=INDIRECT("'"&$B$3&"'!"&CHAR(64+COLUMN())&(ROW()-4))} -> -1.3824885 | H23: {=INDIRECT("'"&$B$3&"'!"&CHAR(64+COLUMN())&(ROW()-4))} -> 325.3 | ... O23: {=INDIRECT("'"&$B$3&"'!"&CHAR(64+COLUMN())&(ROW()-4))} -> -0.089894457 | Q23: 🔴 較佳出場 | R23: MA10 強壓 | S23: =IF(OR(AND(LEFT($S$15,1)="🔴",RIGHT($S$15,2)="出場"),AND($S$15="🔴 觀望",$S$12="🔴")),ROUND(MIN(I25,E25*(1+N32*1.4)),1),"—") -> 324.4 | T23: =IF(OR(AND(LEFT($S$15,1)="🔴",RIGHT($S$15,2)="出場"),AND($S$15="🔴 觀望",$S$12="🔴")),ROUND(MAX(I25,E25*(1+N32*1.8)),1),"—") -> 327.8
A24: {=INDIRECT("'"&$B$3&"'!"&CHAR(64+COLUMN())&(ROW()-4))} -> 46141 | B24: {=INDIRECT("'"&$B$3&"'!"&CHAR(64+COLUMN())&(ROW()-4))} -> 39303.5 | C24: {=INDIRECT("'"&$B$3&"'!"&CHAR(64+COLUMN())&(ROW()-4))} -> 322 | D24: {=INDIRECT("'"&$B$3&"'!"&CHAR(64+COLUMN())&(ROW()-4))} -> 317 | E24: {=INDIRECT("'"&$B$3&"'!"&CHAR(64+COLUMN())&(ROW()-4))} -> 322 | F24: {=INDIRECT("'"&$B$3&"'!"&CHAR(64+COLUMN())&(ROW()-4))} -> 11774 | G24: {=INDIRECT("'"&$B$3&"'!"&CHAR(64+COLUMN())&(ROW()-4))} -> 0.31152648 | H24: {=INDIRECT("'"&$B$3&"'!"&CHAR(64+COLUMN())&(ROW()-4))} -> 322.7 | ... O24: {=INDIRECT("'"&$B$3&"'!"&CHAR(64+COLUMN())&(ROW()-4))} -> -0.58699228 | Q24: ⚠️ 突破關鍵 | R24: 站上該價燈號轉強 | S24: =IF(OR(AND(LEFT($S$15,1)="🔴",RIGHT($S$15,2)="出場"),AND($S$15="🔴 觀望",$S$12="🔴")),ROUND(MAX(I25,E25*(1+N32*2)),1),"—") -> 329.5 | T24: =IF(OR(AND(LEFT($S$15,1)="🔴",RIGHT($S$15,2)="出場"),AND($S$15="🔴 觀望",$S$12="🔴")),ROUND(E25*(1+N32*2.4),1),"—") -> 332.9
A25: {=INDIRECT("'"&$B$3&"'!"&CHAR(64+COLUMN())&(ROW()-4))} -> 46142 | B25: {=INDIRECT("'"&$B$3&"'!"&CHAR(64+COLUMN())&(ROW()-4))} -> 38926.63 | C25: {=INDIRECT("'"&$B$3&"'!"&CHAR(64+COLUMN())&(ROW()-4))} -> 321 | D25: {=INDIRECT("'"&$B$3&"'!"&CHAR(64+COLUMN())&(ROW()-4))} -> 312 | E25: {=INDIRECT("'"&$B$3&"'!"&CHAR(64+COLUMN())&(ROW()-4))} -> 312.5 | F25: {=INDIRECT("'"&$B$3&"'!"&CHAR(64+COLUMN())&(ROW()-4))} -> 18917 | G25: {=INDIRECT("'"&$B$3&"'!"&CHAR(64+COLUMN())&(ROW()-4))} -> -2.9503106 | H25: {=INDIRECT("'"&$B$3&"'!"&CHAR(64+COLUMN())&(ROW()-4))} -> 320.8 | ... O25: {=INDIRECT("'"&$B$3&"'!"&CHAR(64+COLUMN())&(ROW()-4))} -> -1.5616712 | Q25: 說明 | R25: =IF(LEFT($S$15,1)="🟢","燈號偏多→顯示買進區間（以收盤 "&TEXT(E25,"0.0")&"、σ="&TEXT(N32,"0.00%")&"）",IF(OR(AND(LEFT($S$15,1)="🔴",RIGHT($S$15,2)="出場"),AND($S$15="🔴 觀望",$S$12="🔴")),"燈號偏空→顯示賣出區間（以收盤 "&TEXT(E25,"0.0")&"、σ="&TEXT(N32,"0.00%")&"）","目前燈號為「"&$S$15&"」，建議等待、不推薦進出場")) -> 燈號偏空→顯示賣出區間（以收盤 312.5、σ=2.72%）
Q26: 距離預警 | R26: 目標價 | S26: 距現價 | T26: 說明
A27: 2025年 各季 EPS（元） | G27: 2026年 各季 EPS（元） | M27: 摘要統計 | Q27: 🟢 至買進區 | R27: =ROUND(E25*(1-N32),1) -> 304 | S27: =ROUND((E25*(1-N32)-E25)/E25,4) -> -0.0272 | T27: ="再跌 "&TEXT(ABS((E25*(1-N32)-E25)/E25),"0.0%")&" 至 "&TEXT(E25*(1-N32),"0.0")&" 進入積極買進區" -> 再跌 2.7% 至 304.0 進入積極買進區
A28: 季別 | B28: Q1 | C28: Q2 | D28: Q3 | E28: Q4 | G28: 季別 | H28: Q1 | I28: Q2 | J28: Q3 | K28: Q4 | M28: 最高價 | N28: =MAX(C6:C25) -> 345 | Q28: 🔴 至賣出區 | R28: =ROUND(MAX(H25,E25*(1+N32)),1) -> 321 | S28: =ROUND((MAX(H25,E25*(1+N32))-E25)/E25,4) -> 0.0272 | T28: ="再漲 "&TEXT(ABS((MAX(H25,E25*(1+N32))-E25)/E25),"0.0%")&" 至 "&TEXT(MAX(H25,E25*(1+N32)),"0.0")&" 進入反彈賣出區" -> 再漲 2.7% 至 321.0 進入反彈賣出區
A29: 單季 EPS | B29: 5.06 | C29: 4.37 | D29: 4.26 | E29: 5.76 | G29: 單季 EPS | M29: 最低價 | N29: =MIN(D6:D25) -> 284
A30: 全年合計 | B30: 19.45 | G30: 全年合計 | M30: 平均收盤 | N30: =AVERAGE(E6:E25) -> 316.4
A31: 季變化 | B31: — | C31: -0.13636364 | D31: -0.025171625 | E31: 0.35211268 | G31: 季變化 | H31: — | M31: 15日漲幅 | N31: =(E25-E6)/E6 -> 0.075731497
A32: 來源：Yahoo奇摩股市（非官方第三方） | M32: 波動率 | N32: =STDEV(G7:G25)/100 -> 0.027188936
A33: 2382 廣達 ─ 股價合理性評估 | G33: 股價合理性評估（三法平均） | M33: 最新收盤 | N33: =E25 -> 312.5
A34: 股利 | B34: 13 | H34: 便宜價 | I34: 合理價 | J34: 貴價
A35: 每股淨值 | B35: 63.19 | G35: PER 法 | H35: =B36*B30 -> 194.5 | I35: =C36*B30 -> 311.2 | J35: =D36*B30 -> 427.9
A36: PER 倍數 | B36: 10 | C36: 16 | D36: 22 | G36: PBR 法 | H36: =B37*B35 -> 157.975 | I36: =C37*B35 -> 252.76 | J36: =D37*B35 -> 379.14
A37: PBR 倍數 | B37: 2.5 | C37: 4 | D37: 6 | G37: 殖利率法 | H37: =B34/B38 -> 216.66667 | I37: =B34/C38 -> 288.88889 | J37: =B34/D38 -> 433.33333
A38: 殖利率 | B38: 0.06 | C38: 0.045 | D38: 0.03 | G38: 三法平均 | H38: =AVERAGE(H35,H36,H37) -> 189.71389 | I38: =AVERAGE(I35,I36,I37) -> 284.28296 | J38: =AVERAGE(J35,J36,J37) -> 413.45778

Sheet 2395 研華
A1: 2395 研華 - 近20日股價追蹤
A2: 所屬產業： | B2: 工業電腦
A3: 資料來源： | B3: 2395
A5: 日期 | B5: 大盤 | C5: 最高 | D5: 最低 | E5: 收盤 | F5: 成交量(張) | G5: 漲跌幅 | H5: MA5 | I5: MA10 | J5: MA20 | K5: RSI(6) | L5: RSI(12) | M5: KD-K | N5: KD-D | O5: MACD-OSC | Q5: 燈號儀表板
A6: {=INDIRECT("'"&$B$3&"'!"&CHAR(64+COLUMN())&(ROW()-4))} -> 46113 | B6: {=INDIRECT("'"&$B$3&"'!"&CHAR(64+COLUMN())&(ROW()-4))} -> 33174.82 | C6: {=INDIRECT("'"&$B$3&"'!"&CHAR(64+COLUMN())&(ROW()-4))} -> 334 | D6: {=INDIRECT("'"&$B$3&"'!"&CHAR(64+COLUMN())&(ROW()-4))} -> 328 | E6: {=INDIRECT("'"&$B$3&"'!"&CHAR(64+COLUMN())&(ROW()-4))} -> 331 | F6: {=INDIRECT("'"&$B$3&"'!"&CHAR(64+COLUMN())&(ROW()-4))} -> 1943 | G6: {=INDIRECT("'"&$B$3&"'!"&CHAR(64+COLUMN())&(ROW()-4))} -> 3.9246468 | H6: {=INDIRECT("'"&$B$3&"'!"&CHAR(64+COLUMN())&(ROW()-4))} -> 328.5 | ... O6: {=INDIRECT("'"&$B$3&"'!"&CHAR(64+COLUMN())&(ROW()-4))} -> -3.6899713 | Q6: 步驟 | R6: 條件 | S6: 燈號 | T6: 細節
A7: {=INDIRECT("'"&$B$3&"'!"&CHAR(64+COLUMN())&(ROW()-4))} -> 46114 | B7: {=INDIRECT("'"&$B$3&"'!"&CHAR(64+COLUMN())&(ROW()-4))} -> 32572.43 | C7: {=INDIRECT("'"&$B$3&"'!"&CHAR(64+COLUMN())&(ROW()-4))} -> 334 | D7: {=INDIRECT("'"&$B$3&"'!"&CHAR(64+COLUMN())&(ROW()-4))} -> 317 | E7: {=INDIRECT("'"&$B$3&"'!"&CHAR(64+COLUMN())&(ROW()-4))} -> 323.5 | F7: {=INDIRECT("'"&$B$3&"'!"&CHAR(64+COLUMN())&(ROW()-4))} -> 2038 | G7: {=INDIRECT("'"&$B$3&"'!"&CHAR(64+COLUMN())&(ROW()-4))} -> -2.265861 | H7: {=INDIRECT("'"&$B$3&"'!"&CHAR(64+COLUMN())&(ROW()-4))} -> 325.4 | ... O7: {=INDIRECT("'"&$B$3&"'!"&CHAR(64+COLUMN())&(ROW()-4))} -> -3.6249 | Q7: 1 | R7: 大盤過濾（大盤 > 自身 MA20） | S7: =IF(COUNT(B6:B25)<5,"⚪",IF(AND(B25>AVERAGE(B6:B25),B25>B20),"🟢",IF(OR(B25>AVERAGE(B6:B25),B25>B20),"🟡","🔴"))) -> 🟢 | T7: =IF(COUNT(B6:B25)<5,"大盤資料不足","大盤="&TEXT(B25,"#,##0")&" vs MA="&TEXT(AVERAGE(B6:B25),"#,##0")&" 斜率:"&IF(B25>B20,"↑","↓")) -> 大盤=38,927 vs MA=36,644 斜率:↑
A8: {=INDIRECT("'"&$B$3&"'!"&CHAR(64+COLUMN())&(ROW()-4))} -> 46119 | B8: {=INDIRECT("'"&$B$3&"'!"&CHAR(64+COLUMN())&(ROW()-4))} -> 33229.82 | C8: {=INDIRECT("'"&$B$3&"'!"&CHAR(64+COLUMN())&(ROW()-4))} -> 325.5 | D8: {=INDIRECT("'"&$B$3&"'!"&CHAR(64+COLUMN())&(ROW()-4))} -> 318.5 | E8: {=INDIRECT("'"&$B$3&"'!"&CHAR(64+COLUMN())&(ROW()-4))} -> 322.5 | F8: {=INDIRECT("'"&$B$3&"'!"&CHAR(64+COLUMN())&(ROW()-4))} -> 1325 | G8: {=INDIRECT("'"&$B$3&"'!"&CHAR(64+COLUMN())&(ROW()-4))} -> -0.30911901 | H8: {=INDIRECT("'"&$B$3&"'!"&CHAR(64+COLUMN())&(ROW()-4))} -> 323.4 | ... O8: {=INDIRECT("'"&$B$3&"'!"&CHAR(64+COLUMN())&(ROW()-4))} -> -3.503726 | Q8: 2 | R8: 趨勢結構（MA10>MA20 且 MA20 斜率向上） | S8: =IF(OR(I25="",J25="",J20=""),"⚪",IF(AND(I25>J25,J25>J20),"🟢",IF(OR(I25>J25,J25>J20),"🟡","🔴"))) -> 🟢 | T8: =IF(OR(I25="",J25="",J20=""),"資料不足","MA10=" &TEXT(I25,"0.0")& " MA20=" &TEXT(J25,"0.0")& " " &IF(I25>J25,"多頭","空頭")& " 斜率:" &IF(J25>J20,"↑","↓")) -> MA10=362.1 MA20=351.5 多頭 斜率:↑
A9: {=INDIRECT("'"&$B$3&"'!"&CHAR(64+COLUMN())&(ROW()-4))} -> 46120 | B9: {=INDIRECT("'"&$B$3&"'!"&CHAR(64+COLUMN())&(ROW()-4))} -> 34761.38 | C9: {=INDIRECT("'"&$B$3&"'!"&CHAR(64+COLUMN())&(ROW()-4))} -> 351.5 | D9: {=INDIRECT("'"&$B$3&"'!"&CHAR(64+COLUMN())&(ROW()-4))} -> 335 | E9: {=INDIRECT("'"&$B$3&"'!"&CHAR(64+COLUMN())&(ROW()-4))} -> 348.5 | F9: {=INDIRECT("'"&$B$3&"'!"&CHAR(64+COLUMN())&(ROW()-4))} -> 3507 | G9: {=INDIRECT("'"&$B$3&"'!"&CHAR(64+COLUMN())&(ROW()-4))} -> 8.0620155 | H9: {=INDIRECT("'"&$B$3&"'!"&CHAR(64+COLUMN())&(ROW()-4))} -> 328.8 | ... O9: {=INDIRECT("'"&$B$3&"'!"&CHAR(64+COLUMN())&(ROW()-4))} -> -1.6226775 | Q9: 3 | R9: 動能三合（MA5>MA10 + KD金叉 + RSI6>50） | S9: =IF(OR(H25="",I25="",K25="",M25="",N25="",K24="",M24="",N24=""),"⚪",IF(AND(H25>I25,M25>N25,K25>50,OR(AND(M24<N24,M25>N25,M24<50),AND(K24<50,K25>=50),AND(M24<50,M25>=50))),"🟢",IF(AND(H25>I25,M25>N25,K25>50),"🟡",IF(SUM(IF(H25>I25,1,0),IF(M25>N25,1,0),IF(K25>50,1,0))>=2,"🟡","🔴")))) -> 🔴 | T9: ="MA金叉:"&IF(H25>I25,"✓","✗")&" KD金叉:"&IF(AND(M24<N24,M25>N25),"✓","✗")&"(K="&TEXT(M25,"0")&") RSI6:"&TEXT(K25,"0")&IF(AND(K24<50,K25>=50),"(首破50)","") -> MA金叉:✗ KD金叉:✗(K=53) RSI6:51
A10: {=INDIRECT("'"&$B$3&"'!"&CHAR(64+COLUMN())&(ROW()-4))} -> 46121 | B10: {=INDIRECT("'"&$B$3&"'!"&CHAR(64+COLUMN())&(ROW()-4))} -> 34861.16 | C10: {=INDIRECT("'"&$B$3&"'!"&CHAR(64+COLUMN())&(ROW()-4))} -> 353.5 | D10: {=INDIRECT("'"&$B$3&"'!"&CHAR(64+COLUMN())&(ROW()-4))} -> 345 | E10: {=INDIRECT("'"&$B$3&"'!"&CHAR(64+COLUMN())&(ROW()-4))} -> 348 | F10: {=INDIRECT("'"&$B$3&"'!"&CHAR(64+COLUMN())&(ROW()-4))} -> 2795 | G10: {=INDIRECT("'"&$B$3&"'!"&CHAR(64+COLUMN())&(ROW()-4))} -> -0.14347202 | H10: {=INDIRECT("'"&$B$3&"'!"&CHAR(64+COLUMN())&(ROW()-4))} -> 334.7 | ... O10: {=INDIRECT("'"&$B$3&"'!"&CHAR(64+COLUMN())&(ROW()-4))} -> -0.42465104 | Q10: 4 | R10: 量能（≥1.5×5日均量） | S10: =IF(F25="","⚪",IF(S9="🟢",IF(F25>=1.5*AVERAGE(F20:F24),"🟢",IF(F25>=AVERAGE(F20:F24),"🟡","🔴")),IF(S12="🟢",IF(AND(E25>E24,F25<F24),"🔴",IF(F25>=AVERAGE(F20:F24),"🟢","🟡")),IF(F25>=1.5*AVERAGE(F20:F24),"🟢",IF(F25>=AVERAGE(F20:F24),"🟡","🔴"))))) -> 🟡 | T10: ="今量="&TEXT(F25,"#,##0")&" 5日均="&TEXT(AVERAGE(F20:F24),"#,##0")&" 比值="&TEXT(F25/AVERAGE(F20:F24),"0.00")&"x"&IF(AND(E25>E24,F25<F24)," ⚠價漲量縮","") -> 今量=3,072 5日均=2,824 比值=1.09x
A11: {=INDIRECT("'"&$B$3&"'!"&CHAR(64+COLUMN())&(ROW()-4))} -> 46122 | B11: {=INDIRECT("'"&$B$3&"'!"&CHAR(64+COLUMN())&(ROW()-4))} -> 35417.83 | C11: {=INDIRECT("'"&$B$3&"'!"&CHAR(64+COLUMN())&(ROW()-4))} -> 356 | D11: {=INDIRECT("'"&$B$3&"'!"&CHAR(64+COLUMN())&(ROW()-4))} -> 343.5 | E11: {=INDIRECT("'"&$B$3&"'!"&CHAR(64+COLUMN())&(ROW()-4))} -> 346 | F11: {=INDIRECT("'"&$B$3&"'!"&CHAR(64+COLUMN())&(ROW()-4))} -> 2574 | G11: {=INDIRECT("'"&$B$3&"'!"&CHAR(64+COLUMN())&(ROW()-4))} -> -0.57471264 | H11: {=INDIRECT("'"&$B$3&"'!"&CHAR(64+COLUMN())&(ROW()-4))} -> 337.7 | ... O11: {=INDIRECT("'"&$B$3&"'!"&CHAR(64+COLUMN())&(ROW()-4))} -> 0.18770923 | Q11: 5 | R11: 停損參考（三段） | S11: — | T11: ="緊 MA10=" & TEXT(I25,"0.0") & " 中 -" & TEXT(IF(N32<0.025,5,IF(N32<0.04,6,8)),"0") & "%=" & TEXT(E25*(1-IF(N32<0.025,0.05,IF(N32<0.04,0.06,0.08))),"0.0") & " 鬆 MA20=" & TEXT(J25,"0.0") & " (σ=" & TEXT(N32,"0.0%") & ")" -> 緊 MA10=362.1 中 -5%=341.5 鬆 MA20=351.5 (σ=2.3%)
A12: {=INDIRECT("'"&$B$3&"'!"&CHAR(64+COLUMN())&(ROW()-4))} -> 46125 | B12: {=INDIRECT("'"&$B$3&"'!"&CHAR(64+COLUMN())&(ROW()-4))} -> 35457.29 | C12: {=INDIRECT("'"&$B$3&"'!"&CHAR(64+COLUMN())&(ROW()-4))} -> 346.5 | D12: {=INDIRECT("'"&$B$3&"'!"&CHAR(64+COLUMN())&(ROW()-4))} -> 339.5 | E12: {=INDIRECT("'"&$B$3&"'!"&CHAR(64+COLUMN())&(ROW()-4))} -> 342.5 | F12: {=INDIRECT("'"&$B$3&"'!"&CHAR(64+COLUMN())&(ROW()-4))} -> 2053 | G12: {=INDIRECT("'"&$B$3&"'!"&CHAR(64+COLUMN())&(ROW()-4))} -> -1.0115607 | H12: {=INDIRECT("'"&$B$3&"'!"&CHAR(64+COLUMN())&(ROW()-4))} -> 341.5 | ... O12: {=INDIRECT("'"&$B$3&"'!"&CHAR(64+COLUMN())&(ROW()-4))} -> 0.30473005 | Q12: 6 | R12: 持有訊號（收盤>MA5） | S12: =IF(OR(E25="",H25=""),"⚪",IF(E25>H25,"🟢",IF(AND(E25<H25,E24<H24),"🔴","🟡"))) -> 🟡 | T12: ="收盤="&TEXT(E25,"0.0")&" MA5="&TEXT(H25,"0.0")&IF(E25>H25," 守穩",IF(AND(E25<H25,E24<H24)," 連2日跌破"," 單日跌破(警示)")) -> 收盤=359.5 MA5=361.9 單日跌破(警示)
A13: {=INDIRECT("'"&$B$3&"'!"&CHAR(64+COLUMN())&(ROW()-4))} -> 46126 | B13: {=INDIRECT("'"&$B$3&"'!"&CHAR(64+COLUMN())&(ROW()-4))} -> 36296.12 | C13: {=INDIRECT("'"&$B$3&"'!"&CHAR(64+COLUMN())&(ROW()-4))} -> 349.5 | D13: {=INDIRECT("'"&$B$3&"'!"&CHAR(64+COLUMN())&(ROW()-4))} -> 342.5 | E13: {=INDIRECT("'"&$B$3&"'!"&CHAR(64+COLUMN())&(ROW()-4))} -> 344 | F13: {=INDIRECT("'"&$B$3&"'!"&CHAR(64+COLUMN())&(ROW()-4))} -> 2414 | G13: {=INDIRECT("'"&$B$3&"'!"&CHAR(64+COLUMN())&(ROW()-4))} -> 0.4379562 | H13: {=INDIRECT("'"&$B$3&"'!"&CHAR(64+COLUMN())&(ROW()-4))} -> 345.8 | ... O13: {=INDIRECT("'"&$B$3&"'!"&CHAR(64+COLUMN())&(ROW()-4))} -> 0.42354103 | Q13: 7 | R13: 出場警示（4取2） | S13: =IF(SUM(IF(AND(E25>MAX(E15:E24),K25<MAX(K15:K24)),1,0),IF(AND(E25>MAX(E15:E24),F25<MAX(F15:F24)),1,0),IF(AND(E25<H25,H25<H24),1,0),IF(AND(M24>N24,M25<N25,M24>80),1,0),IF(AND(E25<J25,E24<J24),1,0))>=2,"🔴",IF(SUM(IF(AND(E25>MAX(E15:E24),K25<MAX(K15:K24)),1,0),IF(AND(E25>MAX(E15:E24),F25<MAX(F15:F24)),1,0),IF(AND(E25<H25,H25<H24),1,0),IF(AND(M24>N24,M25<N25,M24>80),1,0),IF(AND(E25<J25,E24<J24),1,0))=1,"🟡","🟢")) -> 🟢 | T13: ="RSI背離:"&IF(AND(E25>MAX(E15:E24),K25<MAX(K15:K24)),"✓","✗")&" 量價背離:"&IF(AND(E25>MAX(E15:E24),F25<MAX(F15:F24)),"✓","✗")&" MA5翻下:"&IF(AND(E25<H25,H25<H24),"✓","✗")&" KD高死叉:"&IF(AND(M24>N24,M25<N25,M24>80),"✓","✗")&" 破MA20:"&IF(AND(E25<J25,E24<J24),"✓","✗") -> RSI背離:✗ 量價背離:✗ MA5翻下:✗ KD高死叉:✗ 破MA20:✗
A14: {=INDIRECT("'"&$B$3&"'!"&CHAR(64+COLUMN())&(ROW()-4))} -> 46127 | B14: {=INDIRECT("'"&$B$3&"'!"&CHAR(64+COLUMN())&(ROW()-4))} -> 36722.14 | C14: {=INDIRECT("'"&$B$3&"'!"&CHAR(64+COLUMN())&(ROW()-4))} -> 351.5 | D14: {=INDIRECT("'"&$B$3&"'!"&CHAR(64+COLUMN())&(ROW()-4))} -> 345.5 | E14: {=INDIRECT("'"&$B$3&"'!"&CHAR(64+COLUMN())&(ROW()-4))} -> 348 | F14: {=INDIRECT("'"&$B$3&"'!"&CHAR(64+COLUMN())&(ROW()-4))} -> 2818 | G14: {=INDIRECT("'"&$B$3&"'!"&CHAR(64+COLUMN())&(ROW()-4))} -> 1.1627907 | H14: {=INDIRECT("'"&$B$3&"'!"&CHAR(64+COLUMN())&(ROW()-4))} -> 345.7 | ... O14: {=INDIRECT("'"&$B$3&"'!"&CHAR(64+COLUMN())&(ROW()-4))} -> 0.69582461
A15: {=INDIRECT("'"&$B$3&"'!"&CHAR(64+COLUMN())&(ROW()-4))} -> 46128 | B15: {=INDIRECT("'"&$B$3&"'!"&CHAR(64+COLUMN())&(ROW()-4))} -> 37132.02 | C15: {=INDIRECT("'"&$B$3&"'!"&CHAR(64+COLUMN())&(ROW()-4))} -> 362 | D15: {=INDIRECT("'"&$B$3&"'!"&CHAR(64+COLUMN())&(ROW()-4))} -> 351.5 | E15: {=INDIRECT("'"&$B$3&"'!"&CHAR(64+COLUMN())&(ROW()-4))} -> 355 | F15: {=INDIRECT("'"&$B$3&"'!"&CHAR(64+COLUMN())&(ROW()-4))} -> 3946 | G15: {=INDIRECT("'"&$B$3&"'!"&CHAR(64+COLUMN())&(ROW()-4))} -> 2.0114943 | H15: {=INDIRECT("'"&$B$3&"'!"&CHAR(64+COLUMN())&(ROW()-4))} -> 347.1 | ... O15: {=INDIRECT("'"&$B$3&"'!"&CHAR(64+COLUMN())&(ROW()-4))} -> 1.2398954 | Q15: 總燈號 | R15: ="通過 "&(COUNTIF(S7:S13,"🟢"))&" / 7 警示 "&COUNTIF(S7:S13,"🟡")&" 危險 "&COUNTIF(S7:S13,"🔴") -> 通過 3 / 7 警示 2 危險 1 | S15: =IF(AND(S7="🟢",COUNTIF(S7:S10,"🟢")=4,S13<>"🔴"),"🟢 強進場",IF(AND(S7="🟢",COUNTIF(S7:S10,"🟢")>=3,S13<>"🔴"),"🟢 次強進場",IF(S13="🔴","🔴 出場",IF(COUNTIF(S7:S13,"🔴")>=2,"🔴 觀望","🟡 等待")))) -> 🟡 等待 | T15: ="基於 "&TEXT(A25,"yyyy/mm/dd")&" 收盤資料" -> 基於 2026/04/30 收盤資料
A16: {=INDIRECT("'"&$B$3&"'!"&CHAR(64+COLUMN())&(ROW()-4))} -> 46129 | B16: {=INDIRECT("'"&$B$3&"'!"&CHAR(64+COLUMN())&(ROW()-4))} -> 36804.34 | C16: {=INDIRECT("'"&$B$3&"'!"&CHAR(64+COLUMN())&(ROW()-4))} -> 372 | D16: {=INDIRECT("'"&$B$3&"'!"&CHAR(64+COLUMN())&(ROW()-4))} -> 359.5 | E16: {=INDIRECT("'"&$B$3&"'!"&CHAR(64+COLUMN())&(ROW()-4))} -> 366 | F16: {=INDIRECT("'"&$B$3&"'!"&CHAR(64+COLUMN())&(ROW()-4))} -> 5334 | G16: {=INDIRECT("'"&$B$3&"'!"&CHAR(64+COLUMN())&(ROW()-4))} -> 3.0985915 | H16: {=INDIRECT("'"&$B$3&"'!"&CHAR(64+COLUMN())&(ROW()-4))} -> 351.1 | ... O16: {=INDIRECT("'"&$B$3&"'!"&CHAR(64+COLUMN())&(ROW()-4))} -> 2.1782406
A17: {=INDIRECT("'"&$B$3&"'!"&CHAR(64+COLUMN())&(ROW()-4))} -> 46132 | B17: {=INDIRECT("'"&$B$3&"'!"&CHAR(64+COLUMN())&(ROW()-4))} -> 36958.8 | C17: {=INDIRECT("'"&$B$3&"'!"&CHAR(64+COLUMN())&(ROW()-4))} -> 376.5 | D17: {=INDIRECT("'"&$B$3&"'!"&CHAR(64+COLUMN())&(ROW()-4))} -> 363 | E17: {=INDIRECT("'"&$B$3&"'!"&CHAR(64+COLUMN())&(ROW()-4))} -> 363.5 | F17: {=INDIRECT("'"&$B$3&"'!"&CHAR(64+COLUMN())&(ROW()-4))} -> 3362 | G17: {=INDIRECT("'"&$B$3&"'!"&CHAR(64+COLUMN())&(ROW()-4))} -> -0.68306011 | H17: {=INDIRECT("'"&$B$3&"'!"&CHAR(64+COLUMN())&(ROW()-4))} -> 355.3 | ... O17: {=INDIRECT("'"&$B$3&"'!"&CHAR(64+COLUMN())&(ROW()-4))} -> 2.4480168 | Q17: 隔日參考價位
A18: {=INDIRECT("'"&$B$3&"'!"&CHAR(64+COLUMN())&(ROW()-4))} -> 46133 | B18: {=INDIRECT("'"&$B$3&"'!"&CHAR(64+COLUMN())&(ROW()-4))} -> 37605.11 | C18: {=INDIRECT("'"&$B$3&"'!"&CHAR(64+COLUMN())&(ROW()-4))} -> 368 | D18: {=INDIRECT("'"&$B$3&"'!"&CHAR(64+COLUMN())&(ROW()-4))} -> 355.5 | E18: {=INDIRECT("'"&$B$3&"'!"&CHAR(64+COLUMN())&(ROW()-4))} -> 364.5 | F18: {=INDIRECT("'"&$B$3&"'!"&CHAR(64+COLUMN())&(ROW()-4))} -> 2497 | G18: {=INDIRECT("'"&$B$3&"'!"&CHAR(64+COLUMN())&(ROW()-4))} -> 0.27510316 | H18: {=INDIRECT("'"&$B$3&"'!"&CHAR(64+COLUMN())&(ROW()-4))} -> 359.4 | ... O18: {=INDIRECT("'"&$B$3&"'!"&CHAR(64+COLUMN())&(ROW()-4))} -> 2.502387 | Q18: 區間 | R18: 技術依據 | S18: 下緣 | T18: 上緣
A19: {=INDIRECT("'"&$B$3&"'!"&CHAR(64+COLUMN())&(ROW()-4))} -> 46134 | B19: {=INDIRECT("'"&$B$3&"'!"&CHAR(64+COLUMN())&(ROW()-4))} -> 37878.47 | C19: {=INDIRECT("'"&$B$3&"'!"&CHAR(64+COLUMN())&(ROW()-4))} -> 366 | D19: {=INDIRECT("'"&$B$3&"'!"&CHAR(64+COLUMN())&(ROW()-4))} -> 361 | E19: {=INDIRECT("'"&$B$3&"'!"&CHAR(64+COLUMN())&(ROW()-4))} -> 361 | F19: {=INDIRECT("'"&$B$3&"'!"&CHAR(64+COLUMN())&(ROW()-4))} -> 2504 | G19: {=INDIRECT("'"&$B$3&"'!"&CHAR(64+COLUMN())&(ROW()-4))} -> -0.96021948 | H19: {=INDIRECT("'"&$B$3&"'!"&CHAR(64+COLUMN())&(ROW()-4))} -> 362 | ... O19: {=INDIRECT("'"&$B$3&"'!"&CHAR(64+COLUMN())&(ROW()-4))} -> 2.1260118 | Q19: 🟢 積極買進 | R19: -1σ 統計下緣 | S19: =IF(LEFT($S$15,1)="🟢",ROUND(E25*(1-N32*1.2),1),"—") -> — | T19: =IF(LEFT($S$15,1)="🟢",ROUND(E25*(1-N32*0.8),1),"—") -> —
A20: {=INDIRECT("'"&$B$3&"'!"&CHAR(64+COLUMN())&(ROW()-4))} -> 46135 | B20: {=INDIRECT("'"&$B$3&"'!"&CHAR(64+COLUMN())&(ROW()-4))} -> 37714.15 | C20: {=INDIRECT("'"&$B$3&"'!"&CHAR(64+COLUMN())&(ROW()-4))} -> 370 | D20: {=INDIRECT("'"&$B$3&"'!"&CHAR(64+COLUMN())&(ROW()-4))} -> 348 | E20: {=INDIRECT("'"&$B$3&"'!"&CHAR(64+COLUMN())&(ROW()-4))} -> 356.5 | F20: {=INDIRECT("'"&$B$3&"'!"&CHAR(64+COLUMN())&(ROW()-4))} -> 2674 | G20: {=INDIRECT("'"&$B$3&"'!"&CHAR(64+COLUMN())&(ROW()-4))} -> -1.2465374 | H20: {=INDIRECT("'"&$B$3&"'!"&CHAR(64+COLUMN())&(ROW()-4))} -> 362.3 | ... O20: {=INDIRECT("'"&$B$3&"'!"&CHAR(64+COLUMN())&(ROW()-4))} -> 1.4307207 | Q20: 🟡 較安全買點 | R20: -1.5σ 跌深區 | S20: =IF(LEFT($S$15,1)="🟢",ROUND(E25*(1-N32*1.8),1),"—") -> — | T20: =IF(LEFT($S$15,1)="🟢",ROUND(E25*(1-N32*1.4),1),"—") -> —
A21: {=INDIRECT("'"&$B$3&"'!"&CHAR(64+COLUMN())&(ROW()-4))} -> 46136 | B21: {=INDIRECT("'"&$B$3&"'!"&CHAR(64+COLUMN())&(ROW()-4))} -> 38932.4 | C21: {=INDIRECT("'"&$B$3&"'!"&CHAR(64+COLUMN())&(ROW()-4))} -> 358 | D21: {=INDIRECT("'"&$B$3&"'!"&CHAR(64+COLUMN())&(ROW()-4))} -> 349 | E21: {=INDIRECT("'"&$B$3&"'!"&CHAR(64+COLUMN())&(ROW()-4))} -> 354 | F21: {=INDIRECT("'"&$B$3&"'!"&CHAR(64+COLUMN())&(ROW()-4))} -> 1858 | G21: {=INDIRECT("'"&$B$3&"'!"&CHAR(64+COLUMN())&(ROW()-4))} -> -0.70126227 | H21: {=INDIRECT("'"&$B$3&"'!"&CHAR(64+COLUMN())&(ROW()-4))} -> 359.9 | ... O21: {=INDIRECT("'"&$B$3&"'!"&CHAR(64+COLUMN())&(ROW()-4))} -> 0.69636202 | Q21: 🔵 強支撐買點 | R21: -2σ 強支撐 | S21: =IF(LEFT($S$15,1)="🟢",ROUND(E25*(1-N32*2.4),1),"—") -> — | T21: =IF(LEFT($S$15,1)="🟢",ROUND(E25*(1-N32*2),1),"—") -> —
A22: {=INDIRECT("'"&$B$3&"'!"&CHAR(64+COLUMN())&(ROW()-4))} -> 46139 | B22: {=INDIRECT("'"&$B$3&"'!"&CHAR(64+COLUMN())&(ROW()-4))} -> 39616.63 | C22: {=INDIRECT("'"&$B$3&"'!"&CHAR(64+COLUMN())&(ROW()-4))} -> 367 | D22: {=INDIRECT("'"&$B$3&"'!"&CHAR(64+COLUMN())&(ROW()-4))} -> 356.5 | E22: {=INDIRECT("'"&$B$3&"'!"&CHAR(64+COLUMN())&(ROW()-4))} -> 363 | F22: {=INDIRECT("'"&$B$3&"'!"&CHAR(64+COLUMN())&(ROW()-4))} -> 3812 | G22: {=INDIRECT("'"&$B$3&"'!"&CHAR(64+COLUMN())&(ROW()-4))} -> 2.5423729 | H22: {=INDIRECT("'"&$B$3&"'!"&CHAR(64+COLUMN())&(ROW()-4))} -> 359.8 | ... O22: {=INDIRECT("'"&$B$3&"'!"&CHAR(64+COLUMN())&(ROW()-4))} -> 0.70832877 | Q22: 🟡 小反彈賣 | R22: MA5 壓力 | S22: =IF(OR(AND(LEFT($S$15,1)="🔴",RIGHT($S$15,2)="出場"),AND($S$15="🔴 觀望",$S$12="🔴")),ROUND(MIN(H25,E25*(1+N32*0.8)),1),"—") -> — | T22: =IF(OR(AND(LEFT($S$15,1)="🔴",RIGHT($S$15,2)="出場"),AND($S$15="🔴 觀望",$S$12="🔴")),ROUND(MAX(H25,E25*(1+N32*1.2)),1),"—") -> —
A23: {=INDIRECT("'"&$B$3&"'!"&CHAR(64+COLUMN())&(ROW()-4))} -> 46140 | B23: {=INDIRECT("'"&$B$3&"'!"&CHAR(64+COLUMN())&(ROW()-4))} -> 39521.73 | C23: {=INDIRECT("'"&$B$3&"'!"&CHAR(64+COLUMN())&(ROW()-4))} -> 376 | D23: {=INDIRECT("'"&$B$3&"'!"&CHAR(64+COLUMN())&(ROW()-4))} -> 364.5 | E23: {=INDIRECT("'"&$B$3&"'!"&CHAR(64+COLUMN())&(ROW()-4))} -> 367 | F23: {=INDIRECT("'"&$B$3&"'!"&CHAR(64+COLUMN())&(ROW()-4))} -> 3617 | G23: {=INDIRECT("'"&$B$3&"'!"&CHAR(64+COLUMN())&(ROW()-4))} -> 1.1019284 | H23: {=INDIRECT("'"&$B$3&"'!"&CHAR(64+COLUMN())&(ROW()-4))} -> 360.3 | ... O23: {=INDIRECT("'"&$B$3&"'!"&CHAR(64+COLUMN())&(ROW()-4))} -> 0.86674781 | Q23: 🔴 較佳出場 | R23: MA10 強壓 | S23: =IF(OR(AND(LEFT($S$15,1)="🔴",RIGHT($S$15,2)="出場"),AND($S$15="🔴 觀望",$S$12="🔴")),ROUND(MIN(I25,E25*(1+N32*1.4)),1),"—") -> — | T23: =IF(OR(AND(LEFT($S$15,1)="🔴",RIGHT($S$15,2)="出場"),AND($S$15="🔴 觀望",$S$12="🔴")),ROUND(MAX(I25,E25*(1+N32*1.8)),1),"—") -> —
A24: {=INDIRECT("'"&$B$3&"'!"&CHAR(64+COLUMN())&(ROW()-4))} -> 46141 | B24: {=INDIRECT("'"&$B$3&"'!"&CHAR(64+COLUMN())&(ROW()-4))} -> 39303.5 | C24: {=INDIRECT("'"&$B$3&"'!"&CHAR(64+COLUMN())&(ROW()-4))} -> 371 | D24: {=INDIRECT("'"&$B$3&"'!"&CHAR(64+COLUMN())&(ROW()-4))} -> 363 | E24: {=INDIRECT("'"&$B$3&"'!"&CHAR(64+COLUMN())&(ROW()-4))} -> 366 | F24: {=INDIRECT("'"&$B$3&"'!"&CHAR(64+COLUMN())&(ROW()-4))} -> 2157 | G24: {=INDIRECT("'"&$B$3&"'!"&CHAR(64+COLUMN())&(ROW()-4))} -> -0.27247956 | H24: {=INDIRECT("'"&$B$3&"'!"&CHAR(64+COLUMN())&(ROW()-4))} -> 361.3 | ... O24: {=INDIRECT("'"&$B$3&"'!"&CHAR(64+COLUMN())&(ROW()-4))} -> 0.78759191 | Q24: ⚠️ 突破關鍵 | R24: 站上該價燈號轉強 | S24: =IF(OR(AND(LEFT($S$15,1)="🔴",RIGHT($S$15,2)="出場"),AND($S$15="🔴 觀望",$S$12="🔴")),ROUND(MAX(I25,E25*(1+N32*2)),1),"—") -> — | T24: =IF(OR(AND(LEFT($S$15,1)="🔴",RIGHT($S$15,2)="出場"),AND($S$15="🔴 觀望",$S$12="🔴")),ROUND(E25*(1+N32*2.4),1),"—") -> —
A25: {=INDIRECT("'"&$B$3&"'!"&CHAR(64+COLUMN())&(ROW()-4))} -> 46142 | B25: {=INDIRECT("'"&$B$3&"'!"&CHAR(64+COLUMN())&(ROW()-4))} -> 38926.63 | C25: {=INDIRECT("'"&$B$3&"'!"&CHAR(64+COLUMN())&(ROW()-4))} -> 369.5 | D25: {=INDIRECT("'"&$B$3&"'!"&CHAR(64+COLUMN())&(ROW()-4))} -> 357.5 | E25: {=INDIRECT("'"&$B$3&"'!"&CHAR(64+COLUMN())&(ROW()-4))} -> 359.5 | F25: {=INDIRECT("'"&$B$3&"'!"&CHAR(64+COLUMN())&(ROW()-4))} -> 3072 | G25: {=INDIRECT("'"&$B$3&"'!"&CHAR(64+COLUMN())&(ROW()-4))} -> -1.7759563 | H25: {=INDIRECT("'"&$B$3&"'!"&CHAR(64+COLUMN())&(ROW()-4))} -> 361.9 | ... O25: {=INDIRECT("'"&$B$3&"'!"&CHAR(64+COLUMN())&(ROW()-4))} -> 0.21088588 | Q25: 說明 | R25: =IF(LEFT($S$15,1)="🟢","燈號偏多→顯示買進區間（以收盤 "&TEXT(E25,"0.0")&"、σ="&TEXT(N32,"0.00%")&"）",IF(OR(AND(LEFT($S$15,1)="🔴",RIGHT($S$15,2)="出場"),AND($S$15="🔴 觀望",$S$12="🔴")),"燈號偏空→顯示賣出區間（以收盤 "&TEXT(E25,"0.0")&"、σ="&TEXT(N32,"0.00%")&"）","目前燈號為「"&$S$15&"」，建議等待、不推薦進出場")) -> 目前燈號為「🟡 等待」，建議等待、不推薦進出場
Q26: 距離預警 | R26: 目標價 | S26: 距現價 | T26: 說明
A27: 2025年 各季 EPS（元） | G27: 2026年 各季 EPS（元） | M27: 摘要統計 | Q27: 🟢 至買進區 | R27: =ROUND(E25*(1-N32),1) -> 351.1 | S27: =ROUND((E25*(1-N32)-E25)/E25,4) -> -0.0232 | T27: ="再跌 "&TEXT(ABS((E25*(1-N32)-E25)/E25),"0.0%")&" 至 "&TEXT(E25*(1-N32),"0.0")&" 進入積極買進區" -> 再跌 2.3% 至 351.1 進入積極買進區
A28: 季別 | B28: Q1 | C28: Q2 | D28: Q3 | E28: Q4 | G28: 季別 | H28: Q1 | I28: Q2 | J28: Q3 | K28: Q4 | M28: 最高價 | N28: =MAX(C6:C25) -> 376.5 | Q28: 🔴 至賣出區 | R28: =ROUND(MAX(H25,E25*(1+N32)),1) -> 367.9 | S28: =ROUND((MAX(H25,E25*(1+N32))-E25)/E25,4) -> 0.0232 | T28: ="再漲 "&TEXT(ABS((MAX(H25,E25*(1+N32))-E25)/E25),"0.0%")&" 至 "&TEXT(MAX(H25,E25*(1+N32)),"0.0")&" 進入反彈賣出區" -> 再漲 2.3% 至 367.9 進入反彈賣出區
A29: 單季 EPS | B29: 3.17 | C29: 2.3 | D29: 3.2 | E29: 3.59 | G29: 單季 EPS | M29: 最低價 | N29: =MIN(D6:D25) -> 317
A30: 全年合計 | B30: 12.26 | G30: 全年合計 | M30: 平均收盤 | N30: =AVERAGE(E6:E25) -> 351.5
A31: 季變化 | B31: — | C31: -0.27444795 | D31: 0.39130435 | E31: 0.121875 | G31: 季變化 | H31: — | M31: 20日漲幅 | N31: =(E25-E6)/E6 -> 0.086102719
A32: 來源：Yahoo奇摩股市（非官方第三方） | M32: 波動率 | N32: =STDEV(G7:G25)/100 -> 0.023235446
A33: 2395 研華 ─ 股價合理性評估 | G33: 股價合理性評估（三法平均） | M33: 最新收盤 | N33: =E25 -> 359.5
A34: 股利 | B34: 8.39 | H34: 便宜價 | I34: 合理價 | J34: 貴價
A35: 每股淨值 | B35: 59.13 | G35: PER 法 | H35: =B36*B30 -> 220.68 | I35: =C36*B30 -> 306.5 | J35: =D36*B30 -> 429.1
A36: PER 倍數 | B36: 18 | C36: 25 | D36: 35 | G36: PBR 法 | H36: =B37*B35 -> 177.39 | I36: =C37*B35 -> 266.085 | J36: =D37*B35 -> 384.345
A37: PBR 倍數 | B37: 3 | C37: 4.5 | D37: 6.5 | G37: 殖利率法 | H37: =B34/B38 -> 167.8 | I37: =B34/C38 -> 239.71429 | J37: =B34/D38 -> 335.6
A38: 殖利率 | B38: 0.05 | C38: 0.035 | D38: 0.025 | G38: 三法平均 | H38: =AVERAGE(H35,H36,H37) -> 188.62333 | I38: =AVERAGE(I35,I36,I37) -> 270.76643 | J38: =AVERAGE(J35,J36,J37) -> 383.015

Sheet 3231 緯創
A1: 3231 緯創 - 近20日股價追蹤
A2: 所屬產業： | B2: AI伺服器/EMS
A3: 資料來源： | B3: 3231
A5: 日期 | B5: 大盤 | C5: 最高 | D5: 最低 | E5: 收盤 | F5: 成交量(張) | G5: 漲跌幅 | H5: MA5 | I5: MA10 | J5: MA20 | K5: RSI(6) | L5: RSI(12) | M5: KD-K | N5: KD-D | O5: MACD-OSC | Q5: 燈號儀表板
A6: {=INDIRECT("'"&$B$3&"'!"&CHAR(64+COLUMN())&(ROW()-4))} -> 46113 | B6: {=INDIRECT("'"&$B$3&"'!"&CHAR(64+COLUMN())&(ROW()-4))} -> 33174.82 | C6: {=INDIRECT("'"&$B$3&"'!"&CHAR(64+COLUMN())&(ROW()-4))} -> 127.5 | D6: {=INDIRECT("'"&$B$3&"'!"&CHAR(64+COLUMN())&(ROW()-4))} -> 125 | E6: {=INDIRECT("'"&$B$3&"'!"&CHAR(64+COLUMN())&(ROW()-4))} -> 127 | F6: {=INDIRECT("'"&$B$3&"'!"&CHAR(64+COLUMN())&(ROW()-4))} -> 21099 | G6: {=INDIRECT("'"&$B$3&"'!"&CHAR(64+COLUMN())&(ROW()-4))} -> 3.6734694 | H6: {=INDIRECT("'"&$B$3&"'!"&CHAR(64+COLUMN())&(ROW()-4))} -> 125.8 | ... O6: {=INDIRECT("'"&$B$3&"'!"&CHAR(64+COLUMN())&(ROW()-4))} -> -0.30303343 | Q6: 步驟 | R6: 條件 | S6: 燈號 | T6: 細節
A7: {=INDIRECT("'"&$B$3&"'!"&CHAR(64+COLUMN())&(ROW()-4))} -> 46114 | B7: {=INDIRECT("'"&$B$3&"'!"&CHAR(64+COLUMN())&(ROW()-4))} -> 32572.43 | C7: {=INDIRECT("'"&$B$3&"'!"&CHAR(64+COLUMN())&(ROW()-4))} -> 128 | D7: {=INDIRECT("'"&$B$3&"'!"&CHAR(64+COLUMN())&(ROW()-4))} -> 124 | E7: {=INDIRECT("'"&$B$3&"'!"&CHAR(64+COLUMN())&(ROW()-4))} -> 125 | F7: {=INDIRECT("'"&$B$3&"'!"&CHAR(64+COLUMN())&(ROW()-4))} -> 15663 | G7: {=INDIRECT("'"&$B$3&"'!"&CHAR(64+COLUMN())&(ROW()-4))} -> -1.5748031 | H7: {=INDIRECT("'"&$B$3&"'!"&CHAR(64+COLUMN())&(ROW()-4))} -> 125.4 | ... O7: {=INDIRECT("'"&$B$3&"'!"&CHAR(64+COLUMN())&(ROW()-4))} -> -0.27661141 | Q7: 1 | R7: 大盤過濾（大盤 > 自身 MA20） | S7: =IF(COUNT(B6:B25)<5,"⚪",IF(AND(B25>AVERAGE(B6:B25),B25>B20),"🟢",IF(OR(B25>AVERAGE(B6:B25),B25>B20),"🟡","🔴"))) -> 🟢 | T7: =IF(COUNT(B6:B25)<5,"大盤資料不足","大盤="&TEXT(B25,"#,##0")&" vs MA="&TEXT(AVERAGE(B6:B25),"#,##0")&" 斜率:"&IF(B25>B20,"↑","↓")) -> 大盤=38,927 vs MA=36,644 斜率:↑
A8: {=INDIRECT("'"&$B$3&"'!"&CHAR(64+COLUMN())&(ROW()-4))} -> 46119 | B8: {=INDIRECT("'"&$B$3&"'!"&CHAR(64+COLUMN())&(ROW()-4))} -> 33229.82 | C8: {=INDIRECT("'"&$B$3&"'!"&CHAR(64+COLUMN())&(ROW()-4))} -> 125 | D8: {=INDIRECT("'"&$B$3&"'!"&CHAR(64+COLUMN())&(ROW()-4))} -> 123 | E8: {=INDIRECT("'"&$B$3&"'!"&CHAR(64+COLUMN())&(ROW()-4))} -> 123.5 | F8: {=INDIRECT("'"&$B$3&"'!"&CHAR(64+COLUMN())&(ROW()-4))} -> 19598 | G8: {=INDIRECT("'"&$B$3&"'!"&CHAR(64+COLUMN())&(ROW()-4))} -> -1.2 | H8: {=INDIRECT("'"&$B$3&"'!"&CHAR(64+COLUMN())&(ROW()-4))} -> 124.7 | ... O8: {=INDIRECT("'"&$B$3&"'!"&CHAR(64+COLUMN())&(ROW()-4))} -> -0.3247076 | Q8: 2 | R8: 趨勢結構（MA10>MA20 且 MA20 斜率向上） | S8: =IF(OR(I25="",J25="",J20=""),"⚪",IF(AND(I25>J25,J25>J20),"🟢",IF(OR(I25>J25,J25>J20),"🟡","🔴"))) -> 🟢 | T8: =IF(OR(I25="",J25="",J20=""),"資料不足","MA10=" &TEXT(I25,"0.0")& " MA20=" &TEXT(J25,"0.0")& " " &IF(I25>J25,"多頭","空頭")& " 斜率:" &IF(J25>J20,"↑","↓")) -> MA10=140.7 MA20=136.0 多頭 斜率:↑
A9: {=INDIRECT("'"&$B$3&"'!"&CHAR(64+COLUMN())&(ROW()-4))} -> 46120 | B9: {=INDIRECT("'"&$B$3&"'!"&CHAR(64+COLUMN())&(ROW()-4))} -> 34761.38 | C9: {=INDIRECT("'"&$B$3&"'!"&CHAR(64+COLUMN())&(ROW()-4))} -> 131 | D9: {=INDIRECT("'"&$B$3&"'!"&CHAR(64+COLUMN())&(ROW()-4))} -> 126.5 | E9: {=INDIRECT("'"&$B$3&"'!"&CHAR(64+COLUMN())&(ROW()-4))} -> 131 | F9: {=INDIRECT("'"&$B$3&"'!"&CHAR(64+COLUMN())&(ROW()-4))} -> 40544 | G9: {=INDIRECT("'"&$B$3&"'!"&CHAR(64+COLUMN())&(ROW()-4))} -> 6.0728745 | H9: {=INDIRECT("'"&$B$3&"'!"&CHAR(64+COLUMN())&(ROW()-4))} -> 125.8 | ... O9: {=INDIRECT("'"&$B$3&"'!"&CHAR(64+COLUMN())&(ROW()-4))} -> 0.15810998 | Q9: 3 | R9: 動能三合（MA5>MA10 + KD金叉 + RSI6>50） | S9: =IF(OR(H25="",I25="",K25="",M25="",N25="",K24="",M24="",N24=""),"⚪",IF(AND(H25>I25,M25>N25,K25>50,OR(AND(M24<N24,M25>N25,M24<50),AND(K24<50,K25>=50),AND(M24<50,M25>=50))),"🟢",IF(AND(H25>I25,M25>N25,K25>50),"🟡",IF(SUM(IF(H25>I25,1,0),IF(M25>N25,1,0),IF(K25>50,1,0))>=2,"🟡","🔴")))) -> 🔴 | T9: ="MA金叉:"&IF(H25>I25,"✓","✗")&" KD金叉:"&IF(AND(M24<N24,M25>N25),"✓","✗")&"(K="&TEXT(M25,"0")&") RSI6:"&TEXT(K25,"0")&IF(AND(K24<50,K25>=50),"(首破50)","") -> MA金叉:✗ KD金叉:✗(K=51) RSI6:41
A10: {=INDIRECT("'"&$B$3&"'!"&CHAR(64+COLUMN())&(ROW()-4))} -> 46121 | B10: {=INDIRECT("'"&$B$3&"'!"&CHAR(64+COLUMN())&(ROW()-4))} -> 34861.16 | C10: {=INDIRECT("'"&$B$3&"'!"&CHAR(64+COLUMN())&(ROW()-4))} -> 132.5 | D10: {=INDIRECT("'"&$B$3&"'!"&CHAR(64+COLUMN())&(ROW()-4))} -> 130 | E10: {=INDIRECT("'"&$B$3&"'!"&CHAR(64+COLUMN())&(ROW()-4))} -> 132.5 | F10: {=INDIRECT("'"&$B$3&"'!"&CHAR(64+COLUMN())&(ROW()-4))} -> 37301 | G10: {=INDIRECT("'"&$B$3&"'!"&CHAR(64+COLUMN())&(ROW()-4))} -> 1.1450382 | H10: {=INDIRECT("'"&$B$3&"'!"&CHAR(64+COLUMN())&(ROW()-4))} -> 127.8 | ... O10: {=INDIRECT("'"&$B$3&"'!"&CHAR(64+COLUMN())&(ROW()-4))} -> 0.56511757 | Q10: 4 | R10: 量能（≥1.5×5日均量） | S10: =IF(F25="","⚪",IF(S9="🟢",IF(F25>=1.5*AVERAGE(F20:F24),"🟢",IF(F25>=AVERAGE(F20:F24),"🟡","🔴")),IF(S12="🟢",IF(AND(E25>E24,F25<F24),"🔴",IF(F25>=AVERAGE(F20:F24),"🟢","🟡")),IF(F25>=1.5*AVERAGE(F20:F24),"🟢",IF(F25>=AVERAGE(F20:F24),"🟡","🔴"))))) -> 🔴 | T10: ="今量="&TEXT(F25,"#,##0")&" 5日均="&TEXT(AVERAGE(F20:F24),"#,##0")&" 比值="&TEXT(F25/AVERAGE(F20:F24),"0.00")&"x"&IF(AND(E25>E24,F25<F24)," ⚠價漲量縮","") -> 今量=26,873 5日均=38,671 比值=0.69x
A11: {=INDIRECT("'"&$B$3&"'!"&CHAR(64+COLUMN())&(ROW()-4))} -> 46122 | B11: {=INDIRECT("'"&$B$3&"'!"&CHAR(64+COLUMN())&(ROW()-4))} -> 35417.83 | C11: {=INDIRECT("'"&$B$3&"'!"&CHAR(64+COLUMN())&(ROW()-4))} -> 136.5 | D11: {=INDIRECT("'"&$B$3&"'!"&CHAR(64+COLUMN())&(ROW()-4))} -> 133 | E11: {=INDIRECT("'"&$B$3&"'!"&CHAR(64+COLUMN())&(ROW()-4))} -> 135 | F11: {=INDIRECT("'"&$B$3&"'!"&CHAR(64+COLUMN())&(ROW()-4))} -> 42081 | G11: {=INDIRECT("'"&$B$3&"'!"&CHAR(64+COLUMN())&(ROW()-4))} -> 1.8867925 | H11: {=INDIRECT("'"&$B$3&"'!"&CHAR(64+COLUMN())&(ROW()-4))} -> 129.4 | ... O11: {=INDIRECT("'"&$B$3&"'!"&CHAR(64+COLUMN())&(ROW()-4))} -> 0.96580258 | Q11: 5 | R11: 停損參考（三段） | S11: — | T11: ="緊 MA10=" & TEXT(I25,"0.0") & " 中 -" & TEXT(IF(N32<0.025,5,IF(N32<0.04,6,8)),"0") & "%=" & TEXT(E25*(1-IF(N32<0.025,0.05,IF(N32<0.04,0.06,0.08))),"0.0") & " 鬆 MA20=" & TEXT(J25,"0.0") & " (σ=" & TEXT(N32,"0.0%") & ")" -> 緊 MA10=140.7 中 -5%=130.2 鬆 MA20=136.0 (σ=2.3%)
A12: {=INDIRECT("'"&$B$3&"'!"&CHAR(64+COLUMN())&(ROW()-4))} -> 46125 | B12: {=INDIRECT("'"&$B$3&"'!"&CHAR(64+COLUMN())&(ROW()-4))} -> 35457.29 | C12: {=INDIRECT("'"&$B$3&"'!"&CHAR(64+COLUMN())&(ROW()-4))} -> 136.5 | D12: {=INDIRECT("'"&$B$3&"'!"&CHAR(64+COLUMN())&(ROW()-4))} -> 132.5 | E12: {=INDIRECT("'"&$B$3&"'!"&CHAR(64+COLUMN())&(ROW()-4))} -> 134.5 | F12: {=INDIRECT("'"&$B$3&"'!"&CHAR(64+COLUMN())&(ROW()-4))} -> 26991 | G12: {=INDIRECT("'"&$B$3&"'!"&CHAR(64+COLUMN())&(ROW()-4))} -> -0.37037037 | H12: {=INDIRECT("'"&$B$3&"'!"&CHAR(64+COLUMN())&(ROW()-4))} -> 131.3 | ... O12: {=INDIRECT("'"&$B$3&"'!"&CHAR(64+COLUMN())&(ROW()-4))} -> 1.1478659 | Q12: 6 | R12: 持有訊號（收盤>MA5） | S12: =IF(OR(E25="",H25=""),"⚪",IF(E25>H25,"🟢",IF(AND(E25<H25,E24<H24),"🔴","🟡"))) -> 🔴 | T12: ="收盤="&TEXT(E25,"0.0")&" MA5="&TEXT(H25,"0.0")&IF(E25>H25," 守穩",IF(AND(E25<H25,E24<H24)," 連2日跌破"," 單日跌破(警示)")) -> 收盤=137.0 MA5=140.4 連2日跌破
A13: {=INDIRECT("'"&$B$3&"'!"&CHAR(64+COLUMN())&(ROW()-4))} -> 46126 | B13: {=INDIRECT("'"&$B$3&"'!"&CHAR(64+COLUMN())&(ROW()-4))} -> 36296.12 | C13: {=INDIRECT("'"&$B$3&"'!"&CHAR(64+COLUMN())&(ROW()-4))} -> 139 | D13: {=INDIRECT("'"&$B$3&"'!"&CHAR(64+COLUMN())&(ROW()-4))} -> 136 | E13: {=INDIRECT("'"&$B$3&"'!"&CHAR(64+COLUMN())&(ROW()-4))} -> 136.5 | F13: {=INDIRECT("'"&$B$3&"'!"&CHAR(64+COLUMN())&(ROW()-4))} -> 38753 | G13: {=INDIRECT("'"&$B$3&"'!"&CHAR(64+COLUMN())&(ROW()-4))} -> 1.4869888 | H13: {=INDIRECT("'"&$B$3&"'!"&CHAR(64+COLUMN())&(ROW()-4))} -> 133.9 | ... O13: {=INDIRECT("'"&$B$3&"'!"&CHAR(64+COLUMN())&(ROW()-4))} -> 1.3402852 | Q13: 7 | R13: 出場警示（4取2） | S13: =IF(SUM(IF(AND(E25>MAX(E15:E24),K25<MAX(K15:K24)),1,0),IF(AND(E25>MAX(E15:E24),F25<MAX(F15:F24)),1,0),IF(AND(E25<H25,H25<H24),1,0),IF(AND(M24>N24,M25<N25,M24>80),1,0),IF(AND(E25<J25,E24<J24),1,0))>=2,"🔴",IF(SUM(IF(AND(E25>MAX(E15:E24),K25<MAX(K15:K24)),1,0),IF(AND(E25>MAX(E15:E24),F25<MAX(F15:F24)),1,0),IF(AND(E25<H25,H25<H24),1,0),IF(AND(M24>N24,M25<N25,M24>80),1,0),IF(AND(E25<J25,E24<J24),1,0))=1,"🟡","🟢")) -> 🟡 | T13: ="RSI背離:"&IF(AND(E25>MAX(E15:E24),K25<MAX(K15:K24)),"✓","✗")&" 量價背離:"&IF(AND(E25>MAX(E15:E24),F25<MAX(F15:F24)),"✓","✗")&" MA5翻下:"&IF(AND(E25<H25,H25<H24),"✓","✗")&" KD高死叉:"&IF(AND(M24>N24,M25<N25,M24>80),"✓","✗")&" 破MA20:"&IF(AND(E25<J25,E24<J24),"✓","✗") -> RSI背離:✗ 量價背離:✗ MA5翻下:✓ KD高死叉:✗ 破MA20:✗
A14: {=INDIRECT("'"&$B$3&"'!"&CHAR(64+COLUMN())&(ROW()-4))} -> 46127 | B14: {=INDIRECT("'"&$B$3&"'!"&CHAR(64+COLUMN())&(ROW()-4))} -> 36722.14 | C14: {=INDIRECT("'"&$B$3&"'!"&CHAR(64+COLUMN())&(ROW()-4))} -> 138 | D14: {=INDIRECT("'"&$B$3&"'!"&CHAR(64+COLUMN())&(ROW()-4))} -> 132 | E14: {=INDIRECT("'"&$B$3&"'!"&CHAR(64+COLUMN())&(ROW()-4))} -> 133 | F14: {=INDIRECT("'"&$B$3&"'!"&CHAR(64+COLUMN())&(ROW()-4))} -> 39441 | G14: {=INDIRECT("'"&$B$3&"'!"&CHAR(64+COLUMN())&(ROW()-4))} -> -2.5641026 | H14: {=INDIRECT("'"&$B$3&"'!"&CHAR(64+COLUMN())&(ROW()-4))} -> 134.3 | ... O14: {=INDIRECT("'"&$B$3&"'!"&CHAR(64+COLUMN())&(ROW()-4))} -> 1.1750567
A15: {=INDIRECT("'"&$B$3&"'!"&CHAR(64+COLUMN())&(ROW()-4))} -> 46128 | B15: {=INDIRECT("'"&$B$3&"'!"&CHAR(64+COLUMN())&(ROW()-4))} -> 37132.02 | C15: {=INDIRECT("'"&$B$3&"'!"&CHAR(64+COLUMN())&(ROW()-4))} -> 135.5 | D15: {=INDIRECT("'"&$B$3&"'!"&CHAR(64+COLUMN())&(ROW()-4))} -> 131.5 | E15: {=INDIRECT("'"&$B$3&"'!"&CHAR(64+COLUMN())&(ROW()-4))} -> 134 | F15: {=INDIRECT("'"&$B$3&"'!"&CHAR(64+COLUMN())&(ROW()-4))} -> 35493 | G15: {=INDIRECT("'"&$B$3&"'!"&CHAR(64+COLUMN())&(ROW()-4))} -> 0.7518797 | H15: {=INDIRECT("'"&$B$3&"'!"&CHAR(64+COLUMN())&(ROW()-4))} -> 134.6 | ... O15: {=INDIRECT("'"&$B$3&"'!"&CHAR(64+COLUMN())&(ROW()-4))} -> 1.0788242 | Q15: 總燈號 | R15: ="通過 "&(COUNTIF(S7:S13,"🟢"))&" / 7 警示 "&COUNTIF(S7:S13,"🟡")&" 危險 "&COUNTIF(S7:S13,"🔴") -> 通過 2 / 7 警示 1 危險 3 | S15: =IF(AND(S7="🟢",COUNTIF(S7:S10,"🟢")=4,S13<>"🔴"),"🟢 強進場",IF(AND(S7="🟢",COUNTIF(S7:S10,"🟢")>=3,S13<>"🔴"),"🟢 次強進場",IF(S13="🔴","🔴 出場",IF(COUNTIF(S7:S13,"🔴")>=2,"🔴 觀望","🟡 等待")))) -> 🔴 觀望 | T15: ="基於 "&TEXT(A25,"yyyy/mm/dd")&" 收盤資料" -> 基於 2026/04/30 收盤資料
A16: {=INDIRECT("'"&$B$3&"'!"&CHAR(64+COLUMN())&(ROW()-4))} -> 46129 | B16: {=INDIRECT("'"&$B$3&"'!"&CHAR(64+COLUMN())&(ROW()-4))} -> 36804.34 | C16: {=INDIRECT("'"&$B$3&"'!"&CHAR(64+COLUMN())&(ROW()-4))} -> 137 | D16: {=INDIRECT("'"&$B$3&"'!"&CHAR(64+COLUMN())&(ROW()-4))} -> 132.5 | E16: {=INDIRECT("'"&$B$3&"'!"&CHAR(64+COLUMN())&(ROW()-4))} -> 136.5 | F16: {=INDIRECT("'"&$B$3&"'!"&CHAR(64+COLUMN())&(ROW()-4))} -> 36847 | G16: {=INDIRECT("'"&$B$3&"'!"&CHAR(64+COLUMN())&(ROW()-4))} -> 1.8656716 | H16: {=INDIRECT("'"&$B$3&"'!"&CHAR(64+COLUMN())&(ROW()-4))} -> 134.9 | ... O16: {=INDIRECT("'"&$B$3&"'!"&CHAR(64+COLUMN())&(ROW()-4))} -> 1.1241494
A17: {=INDIRECT("'"&$B$3&"'!"&CHAR(64+COLUMN())&(ROW()-4))} -> 46132 | B17: {=INDIRECT("'"&$B$3&"'!"&CHAR(64+COLUMN())&(ROW()-4))} -> 36958.8 | C17: {=INDIRECT("'"&$B$3&"'!"&CHAR(64+COLUMN())&(ROW()-4))} -> 141 | D17: {=INDIRECT("'"&$B$3&"'!"&CHAR(64+COLUMN())&(ROW()-4))} -> 135.5 | E17: {=INDIRECT("'"&$B$3&"'!"&CHAR(64+COLUMN())&(ROW()-4))} -> 140.5 | F17: {=INDIRECT("'"&$B$3&"'!"&CHAR(64+COLUMN())&(ROW()-4))} -> 79145 | G17: {=INDIRECT("'"&$B$3&"'!"&CHAR(64+COLUMN())&(ROW()-4))} -> 2.9304029 | H17: {=INDIRECT("'"&$B$3&"'!"&CHAR(64+COLUMN())&(ROW()-4))} -> 136.1 | ... O17: {=INDIRECT("'"&$B$3&"'!"&CHAR(64+COLUMN())&(ROW()-4))} -> 1.3489885 | Q17: 隔日參考價位
A18: {=INDIRECT("'"&$B$3&"'!"&CHAR(64+COLUMN())&(ROW()-4))} -> 46133 | B18: {=INDIRECT("'"&$B$3&"'!"&CHAR(64+COLUMN())&(ROW()-4))} -> 37605.11 | C18: {=INDIRECT("'"&$B$3&"'!"&CHAR(64+COLUMN())&(ROW()-4))} -> 145.5 | D18: {=INDIRECT("'"&$B$3&"'!"&CHAR(64+COLUMN())&(ROW()-4))} -> 141.5 | E18: {=INDIRECT("'"&$B$3&"'!"&CHAR(64+COLUMN())&(ROW()-4))} -> 144.5 | F18: {=INDIRECT("'"&$B$3&"'!"&CHAR(64+COLUMN())&(ROW()-4))} -> 86280 | G18: {=INDIRECT("'"&$B$3&"'!"&CHAR(64+COLUMN())&(ROW()-4))} -> 2.8469751 | H18: {=INDIRECT("'"&$B$3&"'!"&CHAR(64+COLUMN())&(ROW()-4))} -> 137.7 | ... O18: {=INDIRECT("'"&$B$3&"'!"&CHAR(64+COLUMN())&(ROW()-4))} -> 1.6714824 | Q18: 區間 | R18: 技術依據 | S18: 下緣 | T18: 上緣
A19: {=INDIRECT("'"&$B$3&"'!"&CHAR(64+COLUMN())&(ROW()-4))} -> 46134 | B19: {=INDIRECT("'"&$B$3&"'!"&CHAR(64+COLUMN())&(ROW()-4))} -> 37878.47 | C19: {=INDIRECT("'"&$B$3&"'!"&CHAR(64+COLUMN())&(ROW()-4))} -> 145.5 | D19: {=INDIRECT("'"&$B$3&"'!"&CHAR(64+COLUMN())&(ROW()-4))} -> 143 | E19: {=INDIRECT("'"&$B$3&"'!"&CHAR(64+COLUMN())&(ROW()-4))} -> 144 | F19: {=INDIRECT("'"&$B$3&"'!"&CHAR(64+COLUMN())&(ROW()-4))} -> 50378 | G19: {=INDIRECT("'"&$B$3&"'!"&CHAR(64+COLUMN())&(ROW()-4))} -> -0.34602076 | H19: {=INDIRECT("'"&$B$3&"'!"&CHAR(64+COLUMN())&(ROW()-4))} -> 139.9 | ... O19: {=INDIRECT("'"&$B$3&"'!"&CHAR(64+COLUMN())&(ROW()-4))} -> 1.7472897 | Q19: 🟢 積極買進 | R19: -1σ 統計下緣 | S19: =IF(LEFT($S$15,1)="🟢",ROUND(E25*(1-N32*1.2),1),"—") -> — | T19: =IF(LEFT($S$15,1)="🟢",ROUND(E25*(1-N32*0.8),1),"—") -> —
A20: {=INDIRECT("'"&$B$3&"'!"&CHAR(64+COLUMN())&(ROW()-4))} -> 46135 | B20: {=INDIRECT("'"&$B$3&"'!"&CHAR(64+COLUMN())&(ROW()-4))} -> 37714.15 | C20: {=INDIRECT("'"&$B$3&"'!"&CHAR(64+COLUMN())&(ROW()-4))} -> 146 | D20: {=INDIRECT("'"&$B$3&"'!"&CHAR(64+COLUMN())&(ROW()-4))} -> 135 | E20: {=INDIRECT("'"&$B$3&"'!"&CHAR(64+COLUMN())&(ROW()-4))} -> 139.5 | F20: {=INDIRECT("'"&$B$3&"'!"&CHAR(64+COLUMN())&(ROW()-4))} -> 63203 | G20: {=INDIRECT("'"&$B$3&"'!"&CHAR(64+COLUMN())&(ROW()-4))} -> -3.125 | H20: {=INDIRECT("'"&$B$3&"'!"&CHAR(64+COLUMN())&(ROW()-4))} -> 141 | ... O20: {=INDIRECT("'"&$B$3&"'!"&CHAR(64+COLUMN())&(ROW()-4))} -> 1.4052516 | Q20: 🟡 較安全買點 | R20: -1.5σ 跌深區 | S20: =IF(LEFT($S$15,1)="🟢",ROUND(E25*(1-N32*1.8),1),"—") -> — | T20: =IF(LEFT($S$15,1)="🟢",ROUND(E25*(1-N32*1.4),1),"—") -> —
A21: {=INDIRECT("'"&$B$3&"'!"&CHAR(64+COLUMN())&(ROW()-4))} -> 46136 | B21: {=INDIRECT("'"&$B$3&"'!"&CHAR(64+COLUMN())&(ROW()-4))} -> 38932.4 | C21: {=INDIRECT("'"&$B$3&"'!"&CHAR(64+COLUMN())&(ROW()-4))} -> 141.5 | D21: {=INDIRECT("'"&$B$3&"'!"&CHAR(64+COLUMN())&(ROW()-4))} -> 138 | E21: {=INDIRECT("'"&$B$3&"'!"&CHAR(64+COLUMN())&(ROW()-4))} -> 141.5 | F21: {=INDIRECT("'"&$B$3&"'!"&CHAR(64+COLUMN())&(ROW()-4))} -> 40785 | G21: {=INDIRECT("'"&$B$3&"'!"&CHAR(64+COLUMN())&(ROW()-4))} -> 1.4336918 | H21: {=INDIRECT("'"&$B$3&"'!"&CHAR(64+COLUMN())&(ROW()-4))} -> 142 | ... O21: {=INDIRECT("'"&$B$3&"'!"&CHAR(64+COLUMN())&(ROW()-4))} -> 1.2308581 | Q21: 🔵 強支撐買點 | R21: -2σ 強支撐 | S21: =IF(LEFT($S$15,1)="🟢",ROUND(E25*(1-N32*2.4),1),"—") -> — | T21: =IF(LEFT($S$15,1)="🟢",ROUND(E25*(1-N32*2),1),"—") -> —
A22: {=INDIRECT("'"&$B$3&"'!"&CHAR(64+COLUMN())&(ROW()-4))} -> 46139 | B22: {=INDIRECT("'"&$B$3&"'!"&CHAR(64+COLUMN())&(ROW()-4))} -> 39616.63 | C22: {=INDIRECT("'"&$B$3&"'!"&CHAR(64+COLUMN())&(ROW()-4))} -> 144 | D22: {=INDIRECT("'"&$B$3&"'!"&CHAR(64+COLUMN())&(ROW()-4))} -> 141 | E22: {=INDIRECT("'"&$B$3&"'!"&CHAR(64+COLUMN())&(ROW()-4))} -> 142.5 | F22: {=INDIRECT("'"&$B$3&"'!"&CHAR(64+COLUMN())&(ROW()-4))} -> 38390 | G22: {=INDIRECT("'"&$B$3&"'!"&CHAR(64+COLUMN())&(ROW()-4))} -> 0.70671378 | H22: {=INDIRECT("'"&$B$3&"'!"&CHAR(64+COLUMN())&(ROW()-4))} -> 142.4 | ... O22: {=INDIRECT("'"&$B$3&"'!"&CHAR(64+COLUMN())&(ROW()-4))} -> 1.1040601 | Q22: 🟡 小反彈賣 | R22: MA5 壓力 | S22: =IF(OR(AND(LEFT($S$15,1)="🔴",RIGHT($S$15,2)="出場"),AND($S$15="🔴 觀望",$S$12="🔴")),ROUND(MIN(H25,E25*(1+N32*0.8)),1),"—") -> 139.5 | T22: =IF(OR(AND(LEFT($S$15,1)="🔴",RIGHT($S$15,2)="出場"),AND($S$15="🔴 觀望",$S$12="🔴")),ROUND(MAX(H25,E25*(1+N32*1.2)),1),"—") -> 140.7
A23: {=INDIRECT("'"&$B$3&"'!"&CHAR(64+COLUMN())&(ROW()-4))} -> 46140 | B23: {=INDIRECT("'"&$B$3&"'!"&CHAR(64+COLUMN())&(ROW()-4))} -> 39521.73 | C23: {=INDIRECT("'"&$B$3&"'!"&CHAR(64+COLUMN())&(ROW()-4))} -> 144.5 | D23: {=INDIRECT("'"&$B$3&"'!"&CHAR(64+COLUMN())&(ROW()-4))} -> 140 | E23: {=INDIRECT("'"&$B$3&"'!"&CHAR(64+COLUMN())&(ROW()-4))} -> 140.5 | F23: {=INDIRECT("'"&$B$3&"'!"&CHAR(64+COLUMN())&(ROW()-4))} -> 27611 | G23: {=INDIRECT("'"&$B$3&"'!"&CHAR(64+COLUMN())&(ROW()-4))} -> -1.4035088 | H23: {=INDIRECT("'"&$B$3&"'!"&CHAR(64+COLUMN())&(ROW()-4))} -> 141.6 | ... O23: {=INDIRECT("'"&$B$3&"'!"&CHAR(64+COLUMN())&(ROW()-4))} -> 0.81977161 | Q23: 🔴 較佳出場 | R23: MA10 強壓 | S23: =IF(OR(AND(LEFT($S$15,1)="🔴",RIGHT($S$15,2)="出場"),AND($S$15="🔴 觀望",$S$12="🔴")),ROUND(MIN(I25,E25*(1+N32*1.4)),1),"—") -> 140.7 | T23: =IF(OR(AND(LEFT($S$15,1)="🔴",RIGHT($S$15,2)="出場"),AND($S$15="🔴 觀望",$S$12="🔴")),ROUND(MAX(I25,E25*(1+N32*1.8)),1),"—") -> 142.6
A24: {=INDIRECT("'"&$B$3&"'!"&CHAR(64+COLUMN())&(ROW()-4))} -> 46141 | B24: {=INDIRECT("'"&$B$3&"'!"&CHAR(64+COLUMN())&(ROW()-4))} -> 39303.5 | C24: {=INDIRECT("'"&$B$3&"'!"&CHAR(64+COLUMN())&(ROW()-4))} -> 140.5 | D24: {=INDIRECT("'"&$B$3&"'!"&CHAR(64+COLUMN())&(ROW()-4))} -> 136.5 | E24: {=INDIRECT("'"&$B$3&"'!"&CHAR(64+COLUMN())&(ROW()-4))} -> 140.5 | F24: {=INDIRECT("'"&$B$3&"'!"&CHAR(64+COLUMN())&(ROW()-4))} -> 23368 | G24: {=INDIRECT("'"&$B$3&"'!"&CHAR(64+COLUMN())&(ROW()-4))} -> 0 | H24: {=INDIRECT("'"&$B$3&"'!"&CHAR(64+COLUMN())&(ROW()-4))} -> 140.9 | ... O24: {=INDIRECT("'"&$B$3&"'!"&CHAR(64+COLUMN())&(ROW()-4))} -> 0.57744086 | Q24: ⚠️ 突破關鍵 | R24: 站上該價燈號轉強 | S24: =IF(OR(AND(LEFT($S$15,1)="🔴",RIGHT($S$15,2)="出場"),AND($S$15="🔴 觀望",$S$12="🔴")),ROUND(MAX(I25,E25*(1+N32*2)),1),"—") -> 143.2 | T24: =IF(OR(AND(LEFT($S$15,1)="🔴",RIGHT($S$15,2)="出場"),AND($S$15="🔴 觀望",$S$12="🔴")),ROUND(E25*(1+N32*2.4),1),"—") -> 144.5
A25: {=INDIRECT("'"&$B$3&"'!"&CHAR(64+COLUMN())&(ROW()-4))} -> 46142 | B25: {=INDIRECT("'"&$B$3&"'!"&CHAR(64+COLUMN())&(ROW()-4))} -> 38926.63 | C25: {=INDIRECT("'"&$B$3&"'!"&CHAR(64+COLUMN())&(ROW()-4))} -> 140.5 | D25: {=INDIRECT("'"&$B$3&"'!"&CHAR(64+COLUMN())&(ROW()-4))} -> 136 | E25: {=INDIRECT("'"&$B$3&"'!"&CHAR(64+COLUMN())&(ROW()-4))} -> 137 | F25: {=INDIRECT("'"&$B$3&"'!"&CHAR(64+COLUMN())&(ROW()-4))} -> 26873 | G25: {=INDIRECT("'"&$B$3&"'!"&CHAR(64+COLUMN())&(ROW()-4))} -> -2.4911032 | H25: {=INDIRECT("'"&$B$3&"'!"&CHAR(64+COLUMN())&(ROW()-4))} -> 140.4 | ... O25: {=INDIRECT("'"&$B$3&"'!"&CHAR(64+COLUMN())&(ROW()-4))} -> 0.14943389 | Q25: 說明 | R25: =IF(LEFT($S$15,1)="🟢","燈號偏多→顯示買進區間（以收盤 "&TEXT(E25,"0.0")&"、σ="&TEXT(N32,"0.00%")&"）",IF(OR(AND(LEFT($S$15,1)="🔴",RIGHT($S$15,2)="出場"),AND($S$15="🔴 觀望",$S$12="🔴")),"燈號偏空→顯示賣出區間（以收盤 "&TEXT(E25,"0.0")&"、σ="&TEXT(N32,"0.00%")&"）","目前燈號為「"&$S$15&"」，建議等待、不推薦進出場")) -> 燈號偏空→顯示賣出區間（以收盤 137.0、σ=2.27%）
Q26: 距離預警 | R26: 目標價 | S26: 距現價 | T26: 說明
A27: 2025年 各季 EPS（元） | G27: 2026年 各季 EPS（元） | M27: 摘要統計 | Q27: 🟢 至買進區 | R27: =ROUND(E25*(1-N32),1) -> 133.9 | S27: =ROUND((E25*(1-N32)-E25)/E25,4) -> -0.0227 | T27: ="再跌 "&TEXT(ABS((E25*(1-N32)-E25)/E25),"0.0%")&" 至 "&TEXT(E25*(1-N32),"0.0")&" 進入積極買進區" -> 再跌 2.3% 至 133.9 進入積極買進區
A28: 季別 | B28: Q1 | C28: Q2 | D28: Q3 | E28: Q4 | G28: 季別 | H28: Q1 | I28: Q2 | J28: Q3 | K28: Q4 | M28: 最高價 | N28: =MAX(C6:C25) -> 146 | Q28: 🔴 至賣出區 | R28: =ROUND(MAX(H25,E25*(1+N32)),1) -> 140.4 | S28: =ROUND((MAX(H25,E25*(1+N32))-E25)/E25,4) -> 0.0248 | T28: ="再漲 "&TEXT(ABS((MAX(H25,E25*(1+N32))-E25)/E25),"0.0%")&" 至 "&TEXT(MAX(H25,E25*(1+N32)),"0.0")&" 進入反彈賣出區" -> 再漲 2.5% 至 140.4 進入反彈賣出區
A29: 單季 EPS | B29: 1.85 | C29: 2.2 | D29: 2.36 | E29: 2.59 | G29: 單季 EPS | M29: 最低價 | N29: =MIN(D6:D25) -> 123
A30: 全年合計 | B30: 9.02 | G30: 全年合計 | M30: 平均收盤 | N30: =AVERAGE(E6:E25) -> 135.95
A31: 季變化 | B31: — | C31: 0.18918919 | D31: 0.072727273 | E31: 0.097457627 | G31: 季變化 | H31: — | M31: 15日漲幅 | N31: =(E25-E6)/E6 -> 0.078740157
A32: 來源：Yahoo奇摩股市（非官方第三方） | M32: 波動率 | N32: =STDEV(G7:G25)/100 -> 0.022673488
A33: 3231 緯創 ─ 股價合理性評估 | G33: 股價合理性評估（三法平均） | M33: 最新收盤 | N33: =E25 -> 137
A34: 股利 | B34: 3.8 | H34: 便宜價 | I34: 合理價 | J34: 貴價
A35: 每股淨值 | B35: 55.84 | G35: PER 法 | H35: =B36*B30 -> 72.16 | I35: =C36*B30 -> 126.28 | J35: =D36*B30 -> 180.4
A36: PER 倍數 | B36: 8 | C36: 14 | D36: 20 | G36: PBR 法 | H36: =B37*B35 -> 83.76 | I36: =C37*B35 -> 139.6 | J36: =D37*B35 -> 223.36
A37: PBR 倍數 | B37: 1.5 | C37: 2.5 | D37: 4 | G37: 殖利率法 | H37: =B34/B38 -> 76 | I37: =B34/C38 -> 108.57143 | J37: =B34/D38 -> 152
A38: 殖利率 | B38: 0.05 | C38: 0.035 | D38: 0.025 | G38: 三法平均 | H38: =AVERAGE(H35,H36,H37) -> 77.306667 | I38: =AVERAGE(I35,I36,I37) -> 124.81714 | J38: =AVERAGE(J35,J36,J37) -> 185.25333

Sheet 2379 瑞昱
A1: 2379 瑞昱 - 近20日股價追蹤
A2: 所屬產業： | B2: IC設計
A3: 資料來源： | B3: 2379
A5: 日期 | B5: 大盤 | C5: 最高 | D5: 最低 | E5: 收盤 | F5: 成交量(張) | G5: 漲跌幅 | H5: MA5 | I5: MA10 | J5: MA20 | K5: RSI(6) | L5: RSI(12) | M5: KD-K | N5: KD-D | O5: MACD-OSC | Q5: 燈號儀表板
A6: {=INDIRECT("'"&$B$3&"'!"&CHAR(64+COLUMN())&(ROW()-4))} -> 46113 | B6: {=INDIRECT("'"&$B$3&"'!"&CHAR(64+COLUMN())&(ROW()-4))} -> 33174.82 | C6: {=INDIRECT("'"&$B$3&"'!"&CHAR(64+COLUMN())&(ROW()-4))} -> 491.5 | D6: {=INDIRECT("'"&$B$3&"'!"&CHAR(64+COLUMN())&(ROW()-4))} -> 480.5 | E6: {=INDIRECT("'"&$B$3&"'!"&CHAR(64+COLUMN())&(ROW()-4))} -> 484.5 | F6: {=INDIRECT("'"&$B$3&"'!"&CHAR(64+COLUMN())&(ROW()-4))} -> 2540 | G6: {=INDIRECT("'"&$B$3&"'!"&CHAR(64+COLUMN())&(ROW()-4))} -> 1.3598326 | H6: {=INDIRECT("'"&$B$3&"'!"&CHAR(64+COLUMN())&(ROW()-4))} -> 486.8 | ... O6: {=INDIRECT("'"&$B$3&"'!"&CHAR(64+COLUMN())&(ROW()-4))} -> 1.7588626 | Q6: 步驟 | R6: 條件 | S6: 燈號 | T6: 細節
A7: {=INDIRECT("'"&$B$3&"'!"&CHAR(64+COLUMN())&(ROW()-4))} -> 46114 | B7: {=INDIRECT("'"&$B$3&"'!"&CHAR(64+COLUMN())&(ROW()-4))} -> 32572.43 | C7: {=INDIRECT("'"&$B$3&"'!"&CHAR(64+COLUMN())&(ROW()-4))} -> 493 | D7: {=INDIRECT("'"&$B$3&"'!"&CHAR(64+COLUMN())&(ROW()-4))} -> 484.5 | E7: {=INDIRECT("'"&$B$3&"'!"&CHAR(64+COLUMN())&(ROW()-4))} -> 488 | F7: {=INDIRECT("'"&$B$3&"'!"&CHAR(64+COLUMN())&(ROW()-4))} -> 2417 | G7: {=INDIRECT("'"&$B$3&"'!"&CHAR(64+COLUMN())&(ROW()-4))} -> 0.72239422 | H7: {=INDIRECT("'"&$B$3&"'!"&CHAR(64+COLUMN())&(ROW()-4))} -> 486.6 | ... O7: {=INDIRECT("'"&$B$3&"'!"&CHAR(64+COLUMN())&(ROW()-4))} -> 1.705463 | Q7: 1 | R7: 大盤過濾（大盤 > 自身 MA20） | S7: =IF(COUNT(B6:B25)<5,"⚪",IF(AND(B25>AVERAGE(B6:B25),B25>B20),"🟢",IF(OR(B25>AVERAGE(B6:B25),B25>B20),"🟡","🔴"))) -> 🟢 | T7: =IF(COUNT(B6:B25)<5,"大盤資料不足","大盤="&TEXT(B25,"#,##0")&" vs MA="&TEXT(AVERAGE(B6:B25),"#,##0")&" 斜率:"&IF(B25>B20,"↑","↓")) -> 大盤=38,927 vs MA=36,644 斜率:↑
A8: {=INDIRECT("'"&$B$3&"'!"&CHAR(64+COLUMN())&(ROW()-4))} -> 46119 | B8: {=INDIRECT("'"&$B$3&"'!"&CHAR(64+COLUMN())&(ROW()-4))} -> 33229.82 | C8: {=INDIRECT("'"&$B$3&"'!"&CHAR(64+COLUMN())&(ROW()-4))} -> 503 | D8: {=INDIRECT("'"&$B$3&"'!"&CHAR(64+COLUMN())&(ROW()-4))} -> 490.5 | E8: {=INDIRECT("'"&$B$3&"'!"&CHAR(64+COLUMN())&(ROW()-4))} -> 499 | F8: {=INDIRECT("'"&$B$3&"'!"&CHAR(64+COLUMN())&(ROW()-4))} -> 2522 | G8: {=INDIRECT("'"&$B$3&"'!"&CHAR(64+COLUMN())&(ROW()-4))} -> 2.2540984 | H8: {=INDIRECT("'"&$B$3&"'!"&CHAR(64+COLUMN())&(ROW()-4))} -> 487.5 | ... O8: {=INDIRECT("'"&$B$3&"'!"&CHAR(64+COLUMN())&(ROW()-4))} -> 2.2871062 | Q8: 2 | R8: 趨勢結構（MA10>MA20 且 MA20 斜率向上） | S8: =IF(OR(I25="",J25="",J20=""),"⚪",IF(AND(I25>J25,J25>J20),"🟢",IF(OR(I25>J25,J25>J20),"🟡","🔴"))) -> 🟢 | T8: =IF(OR(I25="",J25="",J20=""),"資料不足","MA10=" &TEXT(I25,"0.0")& " MA20=" &TEXT(J25,"0.0")& " " &IF(I25>J25,"多頭","空頭")& " 斜率:" &IF(J25>J20,"↑","↓")) -> MA10=547.2 MA20=529.1 多頭 斜率:↑
A9: {=INDIRECT("'"&$B$3&"'!"&CHAR(64+COLUMN())&(ROW()-4))} -> 46120 | B9: {=INDIRECT("'"&$B$3&"'!"&CHAR(64+COLUMN())&(ROW()-4))} -> 34761.38 | C9: {=INDIRECT("'"&$B$3&"'!"&CHAR(64+COLUMN())&(ROW()-4))} -> 510 | D9: {=INDIRECT("'"&$B$3&"'!"&CHAR(64+COLUMN())&(ROW()-4))} -> 501 | E9: {=INDIRECT("'"&$B$3&"'!"&CHAR(64+COLUMN())&(ROW()-4))} -> 505 | F9: {=INDIRECT("'"&$B$3&"'!"&CHAR(64+COLUMN())&(ROW()-4))} -> 2766 | G9: {=INDIRECT("'"&$B$3&"'!"&CHAR(64+COLUMN())&(ROW()-4))} -> 1.2024048 | H9: {=INDIRECT("'"&$B$3&"'!"&CHAR(64+COLUMN())&(ROW()-4))} -> 490.9 | ... O9: {=INDIRECT("'"&$B$3&"'!"&CHAR(64+COLUMN())&(ROW()-4))} -> 2.9119902 | Q9: 3 | R9: 動能三合（MA5>MA10 + KD金叉 + RSI6>50） | S9: =IF(OR(H25="",I25="",K25="",M25="",N25="",K24="",M24="",N24=""),"⚪",IF(AND(H25>I25,M25>N25,K25>50,OR(AND(M24<N24,M25>N25,M24<50),AND(K24<50,K25>=50),AND(M24<50,M25>=50))),"🟢",IF(AND(H25>I25,M25>N25,K25>50),"🟡",IF(SUM(IF(H25>I25,1,0),IF(M25>N25,1,0),IF(K25>50,1,0))>=2,"🟡","🔴")))) -> 🔴 | T9: ="MA金叉:"&IF(H25>I25,"✓","✗")&" KD金叉:"&IF(AND(M24<N24,M25>N25),"✓","✗")&"(K="&TEXT(M25,"0")&") RSI6:"&TEXT(K25,"0")&IF(AND(K24<50,K25>=50),"(首破50)","") -> MA金叉:✓ KD金叉:✗(K=46) RSI6:45
A10: {=INDIRECT("'"&$B$3&"'!"&CHAR(64+COLUMN())&(ROW()-4))} -> 46121 | B10: {=INDIRECT("'"&$B$3&"'!"&CHAR(64+COLUMN())&(ROW()-4))} -> 34861.16 | C10: {=INDIRECT("'"&$B$3&"'!"&CHAR(64+COLUMN())&(ROW()-4))} -> 512 | D10: {=INDIRECT("'"&$B$3&"'!"&CHAR(64+COLUMN())&(ROW()-4))} -> 502 | E10: {=INDIRECT("'"&$B$3&"'!"&CHAR(64+COLUMN())&(ROW()-4))} -> 512 | F10: {=INDIRECT("'"&$B$3&"'!"&CHAR(64+COLUMN())&(ROW()-4))} -> 3005 | G10: {=INDIRECT("'"&$B$3&"'!"&CHAR(64+COLUMN())&(ROW()-4))} -> 1.3861386 | H10: {=INDIRECT("'"&$B$3&"'!"&CHAR(64+COLUMN())&(ROW()-4))} -> 497.7 | ... O10: {=INDIRECT("'"&$B$3&"'!"&CHAR(64+COLUMN())&(ROW()-4))} -> 3.5883999 | Q10: 4 | R10: 量能（≥1.5×5日均量） | S10: =IF(F25="","⚪",IF(S9="🟢",IF(F25>=1.5*AVERAGE(F20:F24),"🟢",IF(F25>=AVERAGE(F20:F24),"🟡","🔴")),IF(S12="🟢",IF(AND(E25>E24,F25<F24),"🔴",IF(F25>=AVERAGE(F20:F24),"🟢","🟡")),IF(F25>=1.5*AVERAGE(F20:F24),"🟢",IF(F25>=AVERAGE(F20:F24),"🟡","🔴"))))) -> 🔴 | T10: ="今量="&TEXT(F25,"#,##0")&" 5日均="&TEXT(AVERAGE(F20:F24),"#,##0")&" 比值="&TEXT(F25/AVERAGE(F20:F24),"0.00")&"x"&IF(AND(E25>E24,F25<F24)," ⚠價漲量縮","") -> 今量=2,851 5日均=3,703 比值=0.77x
A11: {=INDIRECT("'"&$B$3&"'!"&CHAR(64+COLUMN())&(ROW()-4))} -> 46122 | B11: {=INDIRECT("'"&$B$3&"'!"&CHAR(64+COLUMN())&(ROW()-4))} -> 35417.83 | C11: {=INDIRECT("'"&$B$3&"'!"&CHAR(64+COLUMN())&(ROW()-4))} -> 516 | D11: {=INDIRECT("'"&$B$3&"'!"&CHAR(64+COLUMN())&(ROW()-4))} -> 506 | E11: {=INDIRECT("'"&$B$3&"'!"&CHAR(64+COLUMN())&(ROW()-4))} -> 508 | F11: {=INDIRECT("'"&$B$3&"'!"&CHAR(64+COLUMN())&(ROW()-4))} -> 2424 | G11: {=INDIRECT("'"&$B$3&"'!"&CHAR(64+COLUMN())&(ROW()-4))} -> -0.78125 | H11: {=INDIRECT("'"&$B$3&"'!"&CHAR(64+COLUMN())&(ROW()-4))} -> 502.4 | ... O11: {=INDIRECT("'"&$B$3&"'!"&CHAR(64+COLUMN())&(ROW()-4))} -> 3.5514733 | Q11: 5 | R11: 停損參考（三段） | S11: — | T11: ="緊 MA10=" & TEXT(I25,"0.0") & " 中 -" & TEXT(IF(N32<0.025,5,IF(N32<0.04,6,8)),"0") & "%=" & TEXT(E25*(1-IF(N32<0.025,0.05,IF(N32<0.04,0.06,0.08))),"0.0") & " 鬆 MA20=" & TEXT(J25,"0.0") & " (σ=" & TEXT(N32,"0.0%") & ")" -> 緊 MA10=547.2 中 -5%=510.2 鬆 MA20=529.1 (σ=2.1%)
A12: {=INDIRECT("'"&$B$3&"'!"&CHAR(64+COLUMN())&(ROW()-4))} -> 46125 | B12: {=INDIRECT("'"&$B$3&"'!"&CHAR(64+COLUMN())&(ROW()-4))} -> 35457.29 | C12: {=INDIRECT("'"&$B$3&"'!"&CHAR(64+COLUMN())&(ROW()-4))} -> 525 | D12: {=INDIRECT("'"&$B$3&"'!"&CHAR(64+COLUMN())&(ROW()-4))} -> 500 | E12: {=INDIRECT("'"&$B$3&"'!"&CHAR(64+COLUMN())&(ROW()-4))} -> 525 | F12: {=INDIRECT("'"&$B$3&"'!"&CHAR(64+COLUMN())&(ROW()-4))} -> 3844 | G12: {=INDIRECT("'"&$B$3&"'!"&CHAR(64+COLUMN())&(ROW()-4))} -> 3.3464567 | H12: {=INDIRECT("'"&$B$3&"'!"&CHAR(64+COLUMN())&(ROW()-4))} -> 509.8 | ... O12: {=INDIRECT("'"&$B$3&"'!"&CHAR(64+COLUMN())&(ROW()-4))} -> 4.4014536 | Q12: 6 | R12: 持有訊號（收盤>MA5） | S12: =IF(OR(E25="",H25=""),"⚪",IF(E25>H25,"🟢",IF(AND(E25<H25,E24<H24),"🔴","🟡"))) -> 🟡 | T12: ="收盤="&TEXT(E25,"0.0")&" MA5="&TEXT(H25,"0.0")&IF(E25>H25," 守穩",IF(AND(E25<H25,E24<H24)," 連2日跌破"," 單日跌破(警示)")) -> 收盤=537.0 MA5=548.6 單日跌破(警示)
A13: {=INDIRECT("'"&$B$3&"'!"&CHAR(64+COLUMN())&(ROW()-4))} -> 46126 | B13: {=INDIRECT("'"&$B$3&"'!"&CHAR(64+COLUMN())&(ROW()-4))} -> 36296.12 | C13: {=INDIRECT("'"&$B$3&"'!"&CHAR(64+COLUMN())&(ROW()-4))} -> 527 | D13: {=INDIRECT("'"&$B$3&"'!"&CHAR(64+COLUMN())&(ROW()-4))} -> 514 | E13: {=INDIRECT("'"&$B$3&"'!"&CHAR(64+COLUMN())&(ROW()-4))} -> 524 | F13: {=INDIRECT("'"&$B$3&"'!"&CHAR(64+COLUMN())&(ROW()-4))} -> 2925 | G13: {=INDIRECT("'"&$B$3&"'!"&CHAR(64+COLUMN())&(ROW()-4))} -> -0.19047619 | H13: {=INDIRECT("'"&$B$3&"'!"&CHAR(64+COLUMN())&(ROW()-4))} -> 514.8 | ... O13: {=INDIRECT("'"&$B$3&"'!"&CHAR(64+COLUMN())&(ROW()-4))} -> 4.6040228 | Q13: 7 | R13: 出場警示（4取2） | S13: =IF(SUM(IF(AND(E25>MAX(E15:E24),K25<MAX(K15:K24)),1,0),IF(AND(E25>MAX(E15:E24),F25<MAX(F15:F24)),1,0),IF(AND(E25<H25,H25<H24),1,0),IF(AND(M24>N24,M25<N25,M24>80),1,0),IF(AND(E25<J25,E24<J24),1,0))>=2,"🔴",IF(SUM(IF(AND(E25>MAX(E15:E24),K25<MAX(K15:K24)),1,0),IF(AND(E25>MAX(E15:E24),F25<MAX(F15:F24)),1,0),IF(AND(E25<H25,H25<H24),1,0),IF(AND(M24>N24,M25<N25,M24>80),1,0),IF(AND(E25<J25,E24<J24),1,0))=1,"🟡","🟢")) -> 🟡 | T13: ="RSI背離:"&IF(AND(E25>MAX(E15:E24),K25<MAX(K15:K24)),"✓","✗")&" 量價背離:"&IF(AND(E25>MAX(E15:E24),F25<MAX(F15:F24)),"✓","✗")&" MA5翻下:"&IF(AND(E25<H25,H25<H24),"✓","✗")&" KD高死叉:"&IF(AND(M24>N24,M25<N25,M24>80),"✓","✗")&" 破MA20:"&IF(AND(E25<J25,E24<J24),"✓","✗") -> RSI背離:✗ 量價背離:✗ MA5翻下:✓ KD高死叉:✗ 破MA20:✗
A14: {=INDIRECT("'"&$B$3&"'!"&CHAR(64+COLUMN())&(ROW()-4))} -> 46127 | B14: {=INDIRECT("'"&$B$3&"'!"&CHAR(64+COLUMN())&(ROW()-4))} -> 36722.14 | C14: {=INDIRECT("'"&$B$3&"'!"&CHAR(64+COLUMN())&(ROW()-4))} -> 530 | D14: {=INDIRECT("'"&$B$3&"'!"&CHAR(64+COLUMN())&(ROW()-4))} -> 522 | E14: {=INDIRECT("'"&$B$3&"'!"&CHAR(64+COLUMN())&(ROW()-4))} -> 525 | F14: {=INDIRECT("'"&$B$3&"'!"&CHAR(64+COLUMN())&(ROW()-4))} -> 3760 | G14: {=INDIRECT("'"&$B$3&"'!"&CHAR(64+COLUMN())&(ROW()-4))} -> 0.19083969 | H14: {=INDIRECT("'"&$B$3&"'!"&CHAR(64+COLUMN())&(ROW()-4))} -> 518.8 | ... O14: {=INDIRECT("'"&$B$3&"'!"&CHAR(64+COLUMN())&(ROW()-4))} -> 4.50733
A15: {=INDIRECT("'"&$B$3&"'!"&CHAR(64+COLUMN())&(ROW()-4))} -> 46128 | B15: {=INDIRECT("'"&$B$3&"'!"&CHAR(64+COLUMN())&(ROW()-4))} -> 37132.02 | C15: {=INDIRECT("'"&$B$3&"'!"&CHAR(64+COLUMN())&(ROW()-4))} -> 540 | D15: {=INDIRECT("'"&$B$3&"'!"&CHAR(64+COLUMN())&(ROW()-4))} -> 530 | E15: {=INDIRECT("'"&$B$3&"'!"&CHAR(64+COLUMN())&(ROW()-4))} -> 540 | F15: {=INDIRECT("'"&$B$3&"'!"&CHAR(64+COLUMN())&(ROW()-4))} -> 5860 | G15: {=INDIRECT("'"&$B$3&"'!"&CHAR(64+COLUMN())&(ROW()-4))} -> 2.8571429 | H15: {=INDIRECT("'"&$B$3&"'!"&CHAR(64+COLUMN())&(ROW()-4))} -> 524.4 | ... O15: {=INDIRECT("'"&$B$3&"'!"&CHAR(64+COLUMN())&(ROW()-4))} -> 5.1113087 | Q15: 總燈號 | R15: ="通過 "&(COUNTIF(S7:S13,"🟢"))&" / 7 警示 "&COUNTIF(S7:S13,"🟡")&" 危險 "&COUNTIF(S7:S13,"🔴") -> 通過 2 / 7 警示 2 危險 2 | S15: =IF(AND(S7="🟢",COUNTIF(S7:S10,"🟢")=4,S13<>"🔴"),"🟢 強進場",IF(AND(S7="🟢",COUNTIF(S7:S10,"🟢")>=3,S13<>"🔴"),"🟢 次強進場",IF(S13="🔴","🔴 出場",IF(COUNTIF(S7:S13,"🔴")>=2,"🔴 觀望","🟡 等待")))) -> 🔴 觀望 | T15: ="基於 "&TEXT(A25,"yyyy/mm/dd")&" 收盤資料" -> 基於 2026/04/30 收盤資料
A16: {=INDIRECT("'"&$B$3&"'!"&CHAR(64+COLUMN())&(ROW()-4))} -> 46129 | B16: {=INDIRECT("'"&$B$3&"'!"&CHAR(64+COLUMN())&(ROW()-4))} -> 36804.34 | C16: {=INDIRECT("'"&$B$3&"'!"&CHAR(64+COLUMN())&(ROW()-4))} -> 538 | D16: {=INDIRECT("'"&$B$3&"'!"&CHAR(64+COLUMN())&(ROW()-4))} -> 528 | E16: {=INDIRECT("'"&$B$3&"'!"&CHAR(64+COLUMN())&(ROW()-4))} -> 531 | F16: {=INDIRECT("'"&$B$3&"'!"&CHAR(64+COLUMN())&(ROW()-4))} -> 3344 | G16: {=INDIRECT("'"&$B$3&"'!"&CHAR(64+COLUMN())&(ROW()-4))} -> -1.6666667 | H16: {=INDIRECT("'"&$B$3&"'!"&CHAR(64+COLUMN())&(ROW()-4))} -> 529 | ... O16: {=INDIRECT("'"&$B$3&"'!"&CHAR(64+COLUMN())&(ROW()-4))} -> 4.5795194
A17: {=INDIRECT("'"&$B$3&"'!"&CHAR(64+COLUMN())&(ROW()-4))} -> 46132 | B17: {=INDIRECT("'"&$B$3&"'!"&CHAR(64+COLUMN())&(ROW()-4))} -> 36958.8 | C17: {=INDIRECT("'"&$B$3&"'!"&CHAR(64+COLUMN())&(ROW()-4))} -> 544 | D17: {=INDIRECT("'"&$B$3&"'!"&CHAR(64+COLUMN())&(ROW()-4))} -> 534 | E17: {=INDIRECT("'"&$B$3&"'!"&CHAR(64+COLUMN())&(ROW()-4))} -> 538 | F17: {=INDIRECT("'"&$B$3&"'!"&CHAR(64+COLUMN())&(ROW()-4))} -> 4706 | G17: {=INDIRECT("'"&$B$3&"'!"&CHAR(64+COLUMN())&(ROW()-4))} -> 1.3182674 | H17: {=INDIRECT("'"&$B$3&"'!"&CHAR(64+COLUMN())&(ROW()-4))} -> 531.6 | ... O17: {=INDIRECT("'"&$B$3&"'!"&CHAR(64+COLUMN())&(ROW()-4))} -> 4.3743751 | Q17: 隔日參考價位
A18: {=INDIRECT("'"&$B$3&"'!"&CHAR(64+COLUMN())&(ROW()-4))} -> 46133 | B18: {=INDIRECT("'"&$B$3&"'!"&CHAR(64+COLUMN())&(ROW()-4))} -> 37605.11 | C18: {=INDIRECT("'"&$B$3&"'!"&CHAR(64+COLUMN())&(ROW()-4))} -> 560 | D18: {=INDIRECT("'"&$B$3&"'!"&CHAR(64+COLUMN())&(ROW()-4))} -> 538 | E18: {=INDIRECT("'"&$B$3&"'!"&CHAR(64+COLUMN())&(ROW()-4))} -> 551 | F18: {=INDIRECT("'"&$B$3&"'!"&CHAR(64+COLUMN())&(ROW()-4))} -> 4524 | G18: {=INDIRECT("'"&$B$3&"'!"&CHAR(64+COLUMN())&(ROW()-4))} -> 2.4163569 | H18: {=INDIRECT("'"&$B$3&"'!"&CHAR(64+COLUMN())&(ROW()-4))} -> 537 | ... O18: {=INDIRECT("'"&$B$3&"'!"&CHAR(64+COLUMN())&(ROW()-4))} -> 4.7576553 | Q18: 區間 | R18: 技術依據 | S18: 下緣 | T18: 上緣
A19: {=INDIRECT("'"&$B$3&"'!"&CHAR(64+COLUMN())&(ROW()-4))} -> 46134 | B19: {=INDIRECT("'"&$B$3&"'!"&CHAR(64+COLUMN())&(ROW()-4))} -> 37878.47 | C19: {=INDIRECT("'"&$B$3&"'!"&CHAR(64+COLUMN())&(ROW()-4))} -> 567 | D19: {=INDIRECT("'"&$B$3&"'!"&CHAR(64+COLUMN())&(ROW()-4))} -> 549 | E19: {=INDIRECT("'"&$B$3&"'!"&CHAR(64+COLUMN())&(ROW()-4))} -> 567 | F19: {=INDIRECT("'"&$B$3&"'!"&CHAR(64+COLUMN())&(ROW()-4))} -> 4284 | G19: {=INDIRECT("'"&$B$3&"'!"&CHAR(64+COLUMN())&(ROW()-4))} -> 2.9038113 | H19: {=INDIRECT("'"&$B$3&"'!"&CHAR(64+COLUMN())&(ROW()-4))} -> 545.4 | ... O19: {=INDIRECT("'"&$B$3&"'!"&CHAR(64+COLUMN())&(ROW()-4))} -> 5.6702658 | Q19: 🟢 積極買進 | R19: -1σ 統計下緣 | S19: =IF(LEFT($S$15,1)="🟢",ROUND(E25*(1-N32*1.2),1),"—") -> — | T19: =IF(LEFT($S$15,1)="🟢",ROUND(E25*(1-N32*0.8),1),"—") -> —
A20: {=INDIRECT("'"&$B$3&"'!"&CHAR(64+COLUMN())&(ROW()-4))} -> 46135 | B20: {=INDIRECT("'"&$B$3&"'!"&CHAR(64+COLUMN())&(ROW()-4))} -> 37714.15 | C20: {=INDIRECT("'"&$B$3&"'!"&CHAR(64+COLUMN())&(ROW()-4))} -> 575 | D20: {=INDIRECT("'"&$B$3&"'!"&CHAR(64+COLUMN())&(ROW()-4))} -> 535 | E20: {=INDIRECT("'"&$B$3&"'!"&CHAR(64+COLUMN())&(ROW()-4))} -> 542 | F20: {=INDIRECT("'"&$B$3&"'!"&CHAR(64+COLUMN())&(ROW()-4))} -> 6629 | G20: {=INDIRECT("'"&$B$3&"'!"&CHAR(64+COLUMN())&(ROW()-4))} -> -4.4091711 | H20: {=INDIRECT("'"&$B$3&"'!"&CHAR(64+COLUMN())&(ROW()-4))} -> 545.8 | ... O20: {=INDIRECT("'"&$B$3&"'!"&CHAR(64+COLUMN())&(ROW()-4))} -> 4.2373619 | Q20: 🟡 較安全買點 | R20: -1.5σ 跌深區 | S20: =IF(LEFT($S$15,1)="🟢",ROUND(E25*(1-N32*1.8),1),"—") -> — | T20: =IF(LEFT($S$15,1)="🟢",ROUND(E25*(1-N32*1.4),1),"—") -> —
A21: {=INDIRECT("'"&$B$3&"'!"&CHAR(64+COLUMN())&(ROW()-4))} -> 46136 | B21: {=INDIRECT("'"&$B$3&"'!"&CHAR(64+COLUMN())&(ROW()-4))} -> 38932.4 | C21: {=INDIRECT("'"&$B$3&"'!"&CHAR(64+COLUMN())&(ROW()-4))} -> 544 | D21: {=INDIRECT("'"&$B$3&"'!"&CHAR(64+COLUMN())&(ROW()-4))} -> 530 | E21: {=INDIRECT("'"&$B$3&"'!"&CHAR(64+COLUMN())&(ROW()-4))} -> 539 | F21: {=INDIRECT("'"&$B$3&"'!"&CHAR(64+COLUMN())&(ROW()-4))} -> 3724 | G21: {=INDIRECT("'"&$B$3&"'!"&CHAR(64+COLUMN())&(ROW()-4))} -> -0.55350554 | H21: {=INDIRECT("'"&$B$3&"'!"&CHAR(64+COLUMN())&(ROW()-4))} -> 547.4 | ... O21: {=INDIRECT("'"&$B$3&"'!"&CHAR(64+COLUMN())&(ROW()-4))} -> 2.8037809 | Q21: 🔵 強支撐買點 | R21: -2σ 強支撐 | S21: =IF(LEFT($S$15,1)="🟢",ROUND(E25*(1-N32*2.4),1),"—") -> — | T21: =IF(LEFT($S$15,1)="🟢",ROUND(E25*(1-N32*2),1),"—") -> —
A22: {=INDIRECT("'"&$B$3&"'!"&CHAR(64+COLUMN())&(ROW()-4))} -> 46139 | B22: {=INDIRECT("'"&$B$3&"'!"&CHAR(64+COLUMN())&(ROW()-4))} -> 39616.63 | C22: {=INDIRECT("'"&$B$3&"'!"&CHAR(64+COLUMN())&(ROW()-4))} -> 558 | D22: {=INDIRECT("'"&$B$3&"'!"&CHAR(64+COLUMN())&(ROW()-4))} -> 537 | E22: {=INDIRECT("'"&$B$3&"'!"&CHAR(64+COLUMN())&(ROW()-4))} -> 555 | F22: {=INDIRECT("'"&$B$3&"'!"&CHAR(64+COLUMN())&(ROW()-4))} -> 3030 | G22: {=INDIRECT("'"&$B$3&"'!"&CHAR(64+COLUMN())&(ROW()-4))} -> 2.9684601 | H22: {=INDIRECT("'"&$B$3&"'!"&CHAR(64+COLUMN())&(ROW()-4))} -> 550.8 | ... O22: {=INDIRECT("'"&$B$3&"'!"&CHAR(64+COLUMN())&(ROW()-4))} -> 2.6510714 | Q22: 🟡 小反彈賣 | R22: MA5 壓力 | S22: =IF(OR(AND(LEFT($S$15,1)="🔴",RIGHT($S$15,2)="出場"),AND($S$15="🔴 觀望",$S$12="🔴")),ROUND(MIN(H25,E25*(1+N32*0.8)),1),"—") -> — | T22: =IF(OR(AND(LEFT($S$15,1)="🔴",RIGHT($S$15,2)="出場"),AND($S$15="🔴 觀望",$S$12="🔴")),ROUND(MAX(H25,E25*(1+N32*1.2)),1),"—") -> —
A23: {=INDIRECT("'"&$B$3&"'!"&CHAR(64+COLUMN())&(ROW()-4))} -> 46140 | B23: {=INDIRECT("'"&$B$3&"'!"&CHAR(64+COLUMN())&(ROW()-4))} -> 39521.73 | C23: {=INDIRECT("'"&$B$3&"'!"&CHAR(64+COLUMN())&(ROW()-4))} -> 564 | D23: {=INDIRECT("'"&$B$3&"'!"&CHAR(64+COLUMN())&(ROW()-4))} -> 554 | E23: {=INDIRECT("'"&$B$3&"'!"&CHAR(64+COLUMN())&(ROW()-4))} -> 561 | F23: {=INDIRECT("'"&$B$3&"'!"&CHAR(64+COLUMN())&(ROW()-4))} -> 2444 | G23: {=INDIRECT("'"&$B$3&"'!"&CHAR(64+COLUMN())&(ROW()-4))} -> 1.0810811 | H23: {=INDIRECT("'"&$B$3&"'!"&CHAR(64+COLUMN())&(ROW()-4))} -> 552.8 | ... O23: {=INDIRECT("'"&$B$3&"'!"&CHAR(64+COLUMN())&(ROW()-4))} -> 2.6649738 | Q23: 🔴 較佳出場 | R23: MA10 強壓 | S23: =IF(OR(AND(LEFT($S$15,1)="🔴",RIGHT($S$15,2)="出場"),AND($S$15="🔴 觀望",$S$12="🔴")),ROUND(MIN(I25,E25*(1+N32*1.4)),1),"—") -> — | T23: =IF(OR(AND(LEFT($S$15,1)="🔴",RIGHT($S$15,2)="出場"),AND($S$15="🔴 觀望",$S$12="🔴")),ROUND(MAX(I25,E25*(1+N32*1.8)),1),"—") -> —
A24: {=INDIRECT("'"&$B$3&"'!"&CHAR(64+COLUMN())&(ROW()-4))} -> 46141 | B24: {=INDIRECT("'"&$B$3&"'!"&CHAR(64+COLUMN())&(ROW()-4))} -> 39303.5 | C24: {=INDIRECT("'"&$B$3&"'!"&CHAR(64+COLUMN())&(ROW()-4))} -> 561 | D24: {=INDIRECT("'"&$B$3&"'!"&CHAR(64+COLUMN())&(ROW()-4))} -> 541 | E24: {=INDIRECT("'"&$B$3&"'!"&CHAR(64+COLUMN())&(ROW()-4))} -> 551 | F24: {=INDIRECT("'"&$B$3&"'!"&CHAR(64+COLUMN())&(ROW()-4))} -> 2689 | G24: {=INDIRECT("'"&$B$3&"'!"&CHAR(64+COLUMN())&(ROW()-4))} -> -1.7825312 | H24: {=INDIRECT("'"&$B$3&"'!"&CHAR(64+COLUMN())&(ROW()-4))} -> 549.6 | ... O24: {=INDIRECT("'"&$B$3&"'!"&CHAR(64+COLUMN())&(ROW()-4))} -> 1.7554197 | Q24: ⚠️ 突破關鍵 | R24: 站上該價燈號轉強 | S24: =IF(OR(AND(LEFT($S$15,1)="🔴",RIGHT($S$15,2)="出場"),AND($S$15="🔴 觀望",$S$12="🔴")),ROUND(MAX(I25,E25*(1+N32*2)),1),"—") -> — | T24: =IF(OR(AND(LEFT($S$15,1)="🔴",RIGHT($S$15,2)="出場"),AND($S$15="🔴 觀望",$S$12="🔴")),ROUND(E25*(1+N32*2.4),1),"—") -> —
A25: {=INDIRECT("'"&$B$3&"'!"&CHAR(64+COLUMN())&(ROW()-4))} -> 46142 | B25: {=INDIRECT("'"&$B$3&"'!"&CHAR(64+COLUMN())&(ROW()-4))} -> 38926.63 | C25: {=INDIRECT("'"&$B$3&"'!"&CHAR(64+COLUMN())&(ROW()-4))} -> 556 | D25: {=INDIRECT("'"&$B$3&"'!"&CHAR(64+COLUMN())&(ROW()-4))} -> 535 | E25: {=INDIRECT("'"&$B$3&"'!"&CHAR(64+COLUMN())&(ROW()-4))} -> 537 | F25: {=INDIRECT("'"&$B$3&"'!"&CHAR(64+COLUMN())&(ROW()-4))} -> 2851 | G25: {=INDIRECT("'"&$B$3&"'!"&CHAR(64+COLUMN())&(ROW()-4))} -> -2.5408348 | H25: {=INDIRECT("'"&$B$3&"'!"&CHAR(64+COLUMN())&(ROW()-4))} -> 548.6 | ... O25: {=INDIRECT("'"&$B$3&"'!"&CHAR(64+COLUMN())&(ROW()-4))} -> 0.055469855 | Q25: 說明 | R25: =IF(LEFT($S$15,1)="🟢","燈號偏多→顯示買進區間（以收盤 "&TEXT(E25,"0.0")&"、σ="&TEXT(N32,"0.00%")&"）",IF(OR(AND(LEFT($S$15,1)="🔴",RIGHT($S$15,2)="出場"),AND($S$15="🔴 觀望",$S$12="🔴")),"燈號偏空→顯示賣出區間（以收盤 "&TEXT(E25,"0.0")&"、σ="&TEXT(N32,"0.00%")&"）","目前燈號為「"&$S$15&"」，建議等待、不推薦進出場")) -> 目前燈號為「🔴 觀望」，建議等待、不推薦進出場
Q26: 距離預警 | R26: 目標價 | S26: 距現價 | T26: 說明
A27: 2025年 各季 EPS（元） | G27: 2026年 各季 EPS（元） | M27: 摘要統計 | Q27: 🟢 至買進區 | R27: =ROUND(E25*(1-N32),1) -> 525.6 | S27: =ROUND((E25*(1-N32)-E25)/E25,4) -> -0.0212 | T27: ="再跌 "&TEXT(ABS((E25*(1-N32)-E25)/E25),"0.0%")&" 至 "&TEXT(E25*(1-N32),"0.0")&" 進入積極買進區" -> 再跌 2.1% 至 525.6 進入積極買進區
A28: 季別 | B28: Q1 | C28: Q2 | D28: Q3 | E28: Q4 | G28: 季別 | H28: Q1 | I28: Q2 | J28: Q3 | K28: Q4 | M28: 最高價 | N28: =MAX(C6:C25) -> 575 | Q28: 🔴 至賣出區 | R28: =ROUND(MAX(H25,E25*(1+N32)),1) -> 548.6 | S28: =ROUND((MAX(H25,E25*(1+N32))-E25)/E25,4) -> 0.0216 | T28: ="再漲 "&TEXT(ABS((MAX(H25,E25*(1+N32))-E25)/E25),"0.0%")&" 至 "&TEXT(MAX(H25,E25*(1+N32)),"0.0")&" 進入反彈賣出區" -> 再漲 2.2% 至 548.6 進入反彈賣出區
A29: 單季 EPS | B29: 9.28 | C29: 7.62 | D29: 6.69 | E29: 5.17 | G29: 單季 EPS | M29: 最低價 | N29: =MIN(D6:D25) -> 480.5
A30: 全年合計 | B30: 28.76 | G30: 全年合計 | M30: 平均收盤 | N30: =AVERAGE(E6:E25) -> 529.125
A31: 季變化 | B31: — | C31: -0.17887931 | D31: -0.12204724 | E31: -0.22720478 | G31: 季變化 | H31: — | M31: 15日漲幅 | N31: =(E25-E6)/E6 -> 0.10835913
A32: 來源：Yahoo奇摩股市（非官方第三方） | M32: 波動率 | N32: =STDEV(G7:G25)/100 -> 0.021227699
A33: 2379 瑞昱 ─ 股價合理性評估 | G33: 股價合理性評估（三法平均） | M33: 最新收盤 | N33: =E25 -> 537
A34: 股利 | B34: 25.5 | H34: 便宜價 | I34: 合理價 | J34: 貴價
A35: 每股淨值 | B35: 101.26 | G35: PER 法 | H35: =B36*B30 -> 345.12 | I35: =C36*B30 -> 517.68 | J35: =D36*B30 -> 719
A36: PER 倍數 | B36: 12 | C36: 18 | D36: 25 | G36: PBR 法 | H36: =B37*B35 -> 253.15 | I36: =C37*B35 -> 379.725 | J36: =D37*B35 -> 556.93
A37: PBR 倍數 | B37: 2.5 | C37: 3.75 | D37: 5.5 | G37: 殖利率法 | H37: =B34/B38 -> 318.75 | I37: =B34/C38 -> 425 | J37: =B34/D38 -> 566.66667
A38: 殖利率 | B38: 0.08 | C38: 0.06 | D38: 0.045 | G38: 三法平均 | H38: =AVERAGE(H35,H36,H37) -> 305.67333 | I38: =AVERAGE(I35,I36,I37) -> 440.80167 | J38: =AVERAGE(J35,J36,J37) -> 614.19889

Sheet 5388 中磊
A1: 5388 中磊 - 近20日股價追蹤
A2: 所屬產業： | B2: 網通
A3: 資料來源： | B3: 5388
A5: 日期 | B5: 大盤 | C5: 最高 | D5: 最低 | E5: 收盤 | F5: 成交量(張) | G5: 漲跌幅 | H5: MA5 | I5: MA10 | J5: MA20 | K5: RSI(6) | L5: RSI(12) | M5: KD-K | N5: KD-D | O5: MACD-OSC | Q5: 燈號儀表板
A6: {=INDIRECT("'"&$B$3&"'!"&CHAR(64+COLUMN())&(ROW()-4))} -> 46113 | B6: {=INDIRECT("'"&$B$3&"'!"&CHAR(64+COLUMN())&(ROW()-4))} -> 33174.82 | C6: {=INDIRECT("'"&$B$3&"'!"&CHAR(64+COLUMN())&(ROW()-4))} -> 77.6 | D6: {=INDIRECT("'"&$B$3&"'!"&CHAR(64+COLUMN())&(ROW()-4))} -> 75.9 | E6: {=INDIRECT("'"&$B$3&"'!"&CHAR(64+COLUMN())&(ROW()-4))} -> 76.6 | F6: {=INDIRECT("'"&$B$3&"'!"&CHAR(64+COLUMN())&(ROW()-4))} -> 3194 | G6: {=INDIRECT("'"&$B$3&"'!"&CHAR(64+COLUMN())&(ROW()-4))} -> 2.1333333 | H6: {=INDIRECT("'"&$B$3&"'!"&CHAR(64+COLUMN())&(ROW()-4))} -> 76.26 | ... O6: {=INDIRECT("'"&$B$3&"'!"&CHAR(64+COLUMN())&(ROW()-4))} -> -0.10094552 | Q6: 步驟 | R6: 條件 | S6: 燈號 | T6: 細節
A7: {=INDIRECT("'"&$B$3&"'!"&CHAR(64+COLUMN())&(ROW()-4))} -> 46114 | B7: {=INDIRECT("'"&$B$3&"'!"&CHAR(64+COLUMN())&(ROW()-4))} -> 32572.43 | C7: {=INDIRECT("'"&$B$3&"'!"&CHAR(64+COLUMN())&(ROW()-4))} -> 81.9 | D7: {=INDIRECT("'"&$B$3&"'!"&CHAR(64+COLUMN())&(ROW()-4))} -> 77.5 | E7: {=INDIRECT("'"&$B$3&"'!"&CHAR(64+COLUMN())&(ROW()-4))} -> 79.8 | F7: {=INDIRECT("'"&$B$3&"'!"&CHAR(64+COLUMN())&(ROW()-4))} -> 8389 | G7: {=INDIRECT("'"&$B$3&"'!"&CHAR(64+COLUMN())&(ROW()-4))} -> 4.1775457 | H7: {=INDIRECT("'"&$B$3&"'!"&CHAR(64+COLUMN())&(ROW()-4))} -> 77.18 | ... O7: {=INDIRECT("'"&$B$3&"'!"&CHAR(64+COLUMN())&(ROW()-4))} -> 0.16825365 | Q7: 1 | R7: 大盤過濾（大盤 > 自身 MA20） | S7: =IF(COUNT(B6:B25)<5,"⚪",IF(AND(B25>AVERAGE(B6:B25),B25>B20),"🟢",IF(OR(B25>AVERAGE(B6:B25),B25>B20),"🟡","🔴"))) -> 🟢 | T7: =IF(COUNT(B6:B25)<5,"大盤資料不足","大盤="&TEXT(B25,"#,##0")&" vs MA="&TEXT(AVERAGE(B6:B25),"#,##0")&" 斜率:"&IF(B25>B20,"↑","↓")) -> 大盤=38,927 vs MA=36,644 斜率:↑
A8: {=INDIRECT("'"&$B$3&"'!"&CHAR(64+COLUMN())&(ROW()-4))} -> 46119 | B8: {=INDIRECT("'"&$B$3&"'!"&CHAR(64+COLUMN())&(ROW()-4))} -> 33229.82 | C8: {=INDIRECT("'"&$B$3&"'!"&CHAR(64+COLUMN())&(ROW()-4))} -> 80.5 | D8: {=INDIRECT("'"&$B$3&"'!"&CHAR(64+COLUMN())&(ROW()-4))} -> 78.4 | E8: {=INDIRECT("'"&$B$3&"'!"&CHAR(64+COLUMN())&(ROW()-4))} -> 78.9 | F8: {=INDIRECT("'"&$B$3&"'!"&CHAR(64+COLUMN())&(ROW()-4))} -> 4801 | G8: {=INDIRECT("'"&$B$3&"'!"&CHAR(64+COLUMN())&(ROW()-4))} -> -1.1278195 | H8: {=INDIRECT("'"&$B$3&"'!"&CHAR(64+COLUMN())&(ROW()-4))} -> 77.36 | ... O8: {=INDIRECT("'"&$B$3&"'!"&CHAR(64+COLUMN())&(ROW()-4))} -> 0.2811037 | Q8: 2 | R8: 趨勢結構（MA10>MA20 且 MA20 斜率向上） | S8: =IF(OR(I25="",J25="",J20=""),"⚪",IF(AND(I25>J25,J25>J20),"🟢",IF(OR(I25>J25,J25>J20),"🟡","🔴"))) -> 🟡 | T8: =IF(OR(I25="",J25="",J20=""),"資料不足","MA10=" &TEXT(I25,"0.0")& " MA20=" &TEXT(J25,"0.0")& " " &IF(I25>J25,"多頭","空頭")& " 斜率:" &IF(J25>J20,"↑","↓")) -> MA10=80.2 MA20=81.1 空頭 斜率:↑
A9: {=INDIRECT("'"&$B$3&"'!"&CHAR(64+COLUMN())&(ROW()-4))} -> 46120 | B9: {=INDIRECT("'"&$B$3&"'!"&CHAR(64+COLUMN())&(ROW()-4))} -> 34761.38 | C9: {=INDIRECT("'"&$B$3&"'!"&CHAR(64+COLUMN())&(ROW()-4))} -> 83.6 | D9: {=INDIRECT("'"&$B$3&"'!"&CHAR(64+COLUMN())&(ROW()-4))} -> 81.2 | E9: {=INDIRECT("'"&$B$3&"'!"&CHAR(64+COLUMN())&(ROW()-4))} -> 81.6 | F9: {=INDIRECT("'"&$B$3&"'!"&CHAR(64+COLUMN())&(ROW()-4))} -> 8739 | G9: {=INDIRECT("'"&$B$3&"'!"&CHAR(64+COLUMN())&(ROW()-4))} -> 3.4220532 | H9: {=INDIRECT("'"&$B$3&"'!"&CHAR(64+COLUMN())&(ROW()-4))} -> 78.38 | ... O9: {=INDIRECT("'"&$B$3&"'!"&CHAR(64+COLUMN())&(ROW()-4))} -> 0.51914426 | Q9: 3 | R9: 動能三合（MA5>MA10 + KD金叉 + RSI6>50） | S9: =IF(OR(H25="",I25="",K25="",M25="",N25="",K24="",M24="",N24=""),"⚪",IF(AND(H25>I25,M25>N25,K25>50,OR(AND(M24<N24,M25>N25,M24<50),AND(K24<50,K25>=50),AND(M24<50,M25>=50))),"🟢",IF(AND(H25>I25,M25>N25,K25>50),"🟡",IF(SUM(IF(H25>I25,1,0),IF(M25>N25,1,0),IF(K25>50,1,0))>=2,"🟡","🔴")))) -> 🔴 | T9: ="MA金叉:"&IF(H25>I25,"✓","✗")&" KD金叉:"&IF(AND(M24<N24,M25>N25),"✓","✗")&"(K="&TEXT(M25,"0")&") RSI6:"&TEXT(K25,"0")&IF(AND(K24<50,K25>=50),"(首破50)","") -> MA金叉:✗ KD金叉:✗(K=11) RSI6:25
A10: {=INDIRECT("'"&$B$3&"'!"&CHAR(64+COLUMN())&(ROW()-4))} -> 46121 | B10: {=INDIRECT("'"&$B$3&"'!"&CHAR(64+COLUMN())&(ROW()-4))} -> 34861.16 | C10: {=INDIRECT("'"&$B$3&"'!"&CHAR(64+COLUMN())&(ROW()-4))} -> 87 | D10: {=INDIRECT("'"&$B$3&"'!"&CHAR(64+COLUMN())&(ROW()-4))} -> 78.6 | E10: {=INDIRECT("'"&$B$3&"'!"&CHAR(64+COLUMN())&(ROW()-4))} -> 86.4 | F10: {=INDIRECT("'"&$B$3&"'!"&CHAR(64+COLUMN())&(ROW()-4))} -> 21999 | G10: {=INDIRECT("'"&$B$3&"'!"&CHAR(64+COLUMN())&(ROW()-4))} -> 5.8823529 | H10: {=INDIRECT("'"&$B$3&"'!"&CHAR(64+COLUMN())&(ROW()-4))} -> 80.66 | ... O10: {=INDIRECT("'"&$B$3&"'!"&CHAR(64+COLUMN())&(ROW()-4))} -> 0.95600719 | Q10: 4 | R10: 量能（≥1.5×5日均量） | S10: =IF(F25="","⚪",IF(S9="🟢",IF(F25>=1.5*AVERAGE(F20:F24),"🟢",IF(F25>=AVERAGE(F20:F24),"🟡","🔴")),IF(S12="🟢",IF(AND(E25>E24,F25<F24),"🔴",IF(F25>=AVERAGE(F20:F24),"🟢","🟡")),IF(F25>=1.5*AVERAGE(F20:F24),"🟢",IF(F25>=AVERAGE(F20:F24),"🟡","🔴"))))) -> 🔴 | T10: ="今量="&TEXT(F25,"#,##0")&" 5日均="&TEXT(AVERAGE(F20:F24),"#,##0")&" 比值="&TEXT(F25/AVERAGE(F20:F24),"0.00")&"x"&IF(AND(E25>E24,F25<F24)," ⚠價漲量縮","") -> 今量=1,915 5日均=3,946 比值=0.49x
A11: {=INDIRECT("'"&$B$3&"'!"&CHAR(64+COLUMN())&(ROW()-4))} -> 46122 | B11: {=INDIRECT("'"&$B$3&"'!"&CHAR(64+COLUMN())&(ROW()-4))} -> 35417.83 | C11: {=INDIRECT("'"&$B$3&"'!"&CHAR(64+COLUMN())&(ROW()-4))} -> 87.5 | D11: {=INDIRECT("'"&$B$3&"'!"&CHAR(64+COLUMN())&(ROW()-4))} -> 83.6 | E11: {=INDIRECT("'"&$B$3&"'!"&CHAR(64+COLUMN())&(ROW()-4))} -> 84.1 | F11: {=INDIRECT("'"&$B$3&"'!"&CHAR(64+COLUMN())&(ROW()-4))} -> 12108 | G11: {=INDIRECT("'"&$B$3&"'!"&CHAR(64+COLUMN())&(ROW()-4))} -> -2.662037 | H11: {=INDIRECT("'"&$B$3&"'!"&CHAR(64+COLUMN())&(ROW()-4))} -> 82.16 | ... O11: {=INDIRECT("'"&$B$3&"'!"&CHAR(64+COLUMN())&(ROW()-4))} -> 1.0393027 | Q11: 5 | R11: 停損參考（三段） | S11: — | T11: ="緊 MA10=" & TEXT(I25,"0.0") & " 中 -" & TEXT(IF(N32<0.025,5,IF(N32<0.04,6,8)),"0") & "%=" & TEXT(E25*(1-IF(N32<0.025,0.05,IF(N32<0.04,0.06,0.08))),"0.0") & " 鬆 MA20=" & TEXT(J25,"0.0") & " (σ=" & TEXT(N32,"0.0%") & ")" -> 緊 MA10=80.2 中 -6%=71.9 鬆 MA20=81.1 (σ=2.5%)
A12: {=INDIRECT("'"&$B$3&"'!"&CHAR(64+COLUMN())&(ROW()-4))} -> 46125 | B12: {=INDIRECT("'"&$B$3&"'!"&CHAR(64+COLUMN())&(ROW()-4))} -> 35457.29 | C12: {=INDIRECT("'"&$B$3&"'!"&CHAR(64+COLUMN())&(ROW()-4))} -> 85.2 | D12: {=INDIRECT("'"&$B$3&"'!"&CHAR(64+COLUMN())&(ROW()-4))} -> 82.8 | E12: {=INDIRECT("'"&$B$3&"'!"&CHAR(64+COLUMN())&(ROW()-4))} -> 84.3 | F12: {=INDIRECT("'"&$B$3&"'!"&CHAR(64+COLUMN())&(ROW()-4))} -> 7894 | G12: {=INDIRECT("'"&$B$3&"'!"&CHAR(64+COLUMN())&(ROW()-4))} -> 0.23781213 | H12: {=INDIRECT("'"&$B$3&"'!"&CHAR(64+COLUMN())&(ROW()-4))} -> 83.06 | ... O12: {=INDIRECT("'"&$B$3&"'!"&CHAR(64+COLUMN())&(ROW()-4))} -> 1.0537979 | Q12: 6 | R12: 持有訊號（收盤>MA5） | S12: =IF(OR(E25="",H25=""),"⚪",IF(E25>H25,"🟢",IF(AND(E25<H25,E24<H24),"🔴","🟡"))) -> 🔴 | T12: ="收盤="&TEXT(E25,"0.0")&" MA5="&TEXT(H25,"0.0")&IF(E25>H25," 守穩",IF(AND(E25<H25,E24<H24)," 連2日跌破"," 單日跌破(警示)")) -> 收盤=76.5 MA5=77.4 連2日跌破
A13: {=INDIRECT("'"&$B$3&"'!"&CHAR(64+COLUMN())&(ROW()-4))} -> 46126 | B13: {=INDIRECT("'"&$B$3&"'!"&CHAR(64+COLUMN())&(ROW()-4))} -> 36296.12 | C13: {=INDIRECT("'"&$B$3&"'!"&CHAR(64+COLUMN())&(ROW()-4))} -> 85.1 | D13: {=INDIRECT("'"&$B$3&"'!"&CHAR(64+COLUMN())&(ROW()-4))} -> 81.5 | E13: {=INDIRECT("'"&$B$3&"'!"&CHAR(64+COLUMN())&(ROW()-4))} -> 81.7 | F13: {=INDIRECT("'"&$B$3&"'!"&CHAR(64+COLUMN())&(ROW()-4))} -> 8163 | G13: {=INDIRECT("'"&$B$3&"'!"&CHAR(64+COLUMN())&(ROW()-4))} -> -3.084223 | H13: {=INDIRECT("'"&$B$3&"'!"&CHAR(64+COLUMN())&(ROW()-4))} -> 83.62 | ... O13: {=INDIRECT("'"&$B$3&"'!"&CHAR(64+COLUMN())&(ROW()-4))} -> 0.84331926 | Q13: 7 | R13: 出場警示（4取2） | S13: =IF(SUM(IF(AND(E25>MAX(E15:E24),K25<MAX(K15:K24)),1,0),IF(AND(E25>MAX(E15:E24),F25<MAX(F15:F24)),1,0),IF(AND(E25<H25,H25<H24),1,0),IF(AND(M24>N24,M25<N25,M24>80),1,0),IF(AND(E25<J25,E24<J24),1,0))>=2,"🔴",IF(SUM(IF(AND(E25>MAX(E15:E24),K25<MAX(K15:K24)),1,0),IF(AND(E25>MAX(E15:E24),F25<MAX(F15:F24)),1,0),IF(AND(E25<H25,H25<H24),1,0),IF(AND(M24>N24,M25<N25,M24>80),1,0),IF(AND(E25<J25,E24<J24),1,0))=1,"🟡","🟢")) -> 🔴 | T13: ="RSI背離:"&IF(AND(E25>MAX(E15:E24),K25<MAX(K15:K24)),"✓","✗")&" 量價背離:"&IF(AND(E25>MAX(E15:E24),F25<MAX(F15:F24)),"✓","✗")&" MA5翻下:"&IF(AND(E25<H25,H25<H24),"✓","✗")&" KD高死叉:"&IF(AND(M24>N24,M25<N25,M24>80),"✓","✗")&" 破MA20:"&IF(AND(E25<J25,E24<J24),"✓","✗") -> RSI背離:✗ 量價背離:✗ MA5翻下:✓ KD高死叉:✗ 破MA20:✓
A14: {=INDIRECT("'"&$B$3&"'!"&CHAR(64+COLUMN())&(ROW()-4))} -> 46127 | B14: {=INDIRECT("'"&$B$3&"'!"&CHAR(64+COLUMN())&(ROW()-4))} -> 36722.14 | C14: {=INDIRECT("'"&$B$3&"'!"&CHAR(64+COLUMN())&(ROW()-4))} -> 83.3 | D14: {=INDIRECT("'"&$B$3&"'!"&CHAR(64+COLUMN())&(ROW()-4))} -> 81.7 | E14: {=INDIRECT("'"&$B$3&"'!"&CHAR(64+COLUMN())&(ROW()-4))} -> 82.5 | F14: {=INDIRECT("'"&$B$3&"'!"&CHAR(64+COLUMN())&(ROW()-4))} -> 3461 | G14: {=INDIRECT("'"&$B$3&"'!"&CHAR(64+COLUMN())&(ROW()-4))} -> 0.97919217 | H14: {=INDIRECT("'"&$B$3&"'!"&CHAR(64+COLUMN())&(ROW()-4))} -> 83.8 | ... O14: {=INDIRECT("'"&$B$3&"'!"&CHAR(64+COLUMN())&(ROW()-4))} -> 0.71792297
A15: {=INDIRECT("'"&$B$3&"'!"&CHAR(64+COLUMN())&(ROW()-4))} -> 46128 | B15: {=INDIRECT("'"&$B$3&"'!"&CHAR(64+COLUMN())&(ROW()-4))} -> 37132.02 | C15: {=INDIRECT("'"&$B$3&"'!"&CHAR(64+COLUMN())&(ROW()-4))} -> 83.9 | D15: {=INDIRECT("'"&$B$3&"'!"&CHAR(64+COLUMN())&(ROW()-4))} -> 82.7 | E15: {=INDIRECT("'"&$B$3&"'!"&CHAR(64+COLUMN())&(ROW()-4))} -> 83.5 | F15: {=INDIRECT("'"&$B$3&"'!"&CHAR(64+COLUMN())&(ROW()-4))} -> 2751 | G15: {=INDIRECT("'"&$B$3&"'!"&CHAR(64+COLUMN())&(ROW()-4))} -> 1.2121212 | H15: {=INDIRECT("'"&$B$3&"'!"&CHAR(64+COLUMN())&(ROW()-4))} -> 83.22 | ... O15: {=INDIRECT("'"&$B$3&"'!"&CHAR(64+COLUMN())&(ROW()-4))} -> 0.66355537 | Q15: 總燈號 | R15: ="通過 "&(COUNTIF(S7:S13,"🟢"))&" / 7 警示 "&COUNTIF(S7:S13,"🟡")&" 危險 "&COUNTIF(S7:S13,"🔴") -> 通過 1 / 7 警示 1 危險 4 | S15: =IF(AND(S7="🟢",COUNTIF(S7:S10,"🟢")=4,S13<>"🔴"),"🟢 強進場",IF(AND(S7="🟢",COUNTIF(S7:S10,"🟢")>=3,S13<>"🔴"),"🟢 次強進場",IF(S13="🔴","🔴 出場",IF(COUNTIF(S7:S13,"🔴")>=2,"🔴 觀望","🟡 等待")))) -> 🔴 出場 | T15: ="基於 "&TEXT(A25,"yyyy/mm/dd")&" 收盤資料" -> 基於 2026/04/30 收盤資料
A16: {=INDIRECT("'"&$B$3&"'!"&CHAR(64+COLUMN())&(ROW()-4))} -> 46129 | B16: {=INDIRECT("'"&$B$3&"'!"&CHAR(64+COLUMN())&(ROW()-4))} -> 36804.34 | C16: {=INDIRECT("'"&$B$3&"'!"&CHAR(64+COLUMN())&(ROW()-4))} -> 85.4 | D16: {=INDIRECT("'"&$B$3&"'!"&CHAR(64+COLUMN())&(ROW()-4))} -> 82.1 | E16: {=INDIRECT("'"&$B$3&"'!"&CHAR(64+COLUMN())&(ROW()-4))} -> 82.2 | F16: {=INDIRECT("'"&$B$3&"'!"&CHAR(64+COLUMN())&(ROW()-4))} -> 5254 | G16: {=INDIRECT("'"&$B$3&"'!"&CHAR(64+COLUMN())&(ROW()-4))} -> -1.5568862 | H16: {=INDIRECT("'"&$B$3&"'!"&CHAR(64+COLUMN())&(ROW()-4))} -> 82.84 | ... O16: {=INDIRECT("'"&$B$3&"'!"&CHAR(64+COLUMN())&(ROW()-4))} -> 0.50826421
A17: {=INDIRECT("'"&$B$3&"'!"&CHAR(64+COLUMN())&(ROW()-4))} -> 46132 | B17: {=INDIRECT("'"&$B$3&"'!"&CHAR(64+COLUMN())&(ROW()-4))} -> 36958.8 | C17: {=INDIRECT("'"&$B$3&"'!"&CHAR(64+COLUMN())&(ROW()-4))} -> 83.8 | D17: {=INDIRECT("'"&$B$3&"'!"&CHAR(64+COLUMN())&(ROW()-4))} -> 82.6 | E17: {=INDIRECT("'"&$B$3&"'!"&CHAR(64+COLUMN())&(ROW()-4))} -> 83.3 | F17: {=INDIRECT("'"&$B$3&"'!"&CHAR(64+COLUMN())&(ROW()-4))} -> 2458 | G17: {=INDIRECT("'"&$B$3&"'!"&CHAR(64+COLUMN())&(ROW()-4))} -> 1.3381995 | H17: {=INDIRECT("'"&$B$3&"'!"&CHAR(64+COLUMN())&(ROW()-4))} -> 82.64 | ... O17: {=INDIRECT("'"&$B$3&"'!"&CHAR(64+COLUMN())&(ROW()-4))} -> 0.4498607 | Q17: 隔日參考價位
A18: {=INDIRECT("'"&$B$3&"'!"&CHAR(64+COLUMN())&(ROW()-4))} -> 46133 | B18: {=INDIRECT("'"&$B$3&"'!"&CHAR(64+COLUMN())&(ROW()-4))} -> 37605.11 | C18: {=INDIRECT("'"&$B$3&"'!"&CHAR(64+COLUMN())&(ROW()-4))} -> 84.4 | D18: {=INDIRECT("'"&$B$3&"'!"&CHAR(64+COLUMN())&(ROW()-4))} -> 82.8 | E18: {=INDIRECT("'"&$B$3&"'!"&CHAR(64+COLUMN())&(ROW()-4))} -> 83.6 | F18: {=INDIRECT("'"&$B$3&"'!"&CHAR(64+COLUMN())&(ROW()-4))} -> 3285 | G18: {=INDIRECT("'"&$B$3&"'!"&CHAR(64+COLUMN())&(ROW()-4))} -> 0.36014406 | H18: {=INDIRECT("'"&$B$3&"'!"&CHAR(64+COLUMN())&(ROW()-4))} -> 83.02 | ... O18: {=INDIRECT("'"&$B$3&"'!"&CHAR(64+COLUMN())&(ROW()-4))} -> 0.40316664 | Q18: 區間 | R18: 技術依據 | S18: 下緣 | T18: 上緣
A19: {=INDIRECT("'"&$B$3&"'!"&CHAR(64+COLUMN())&(ROW()-4))} -> 46134 | B19: {=INDIRECT("'"&$B$3&"'!"&CHAR(64+COLUMN())&(ROW()-4))} -> 37878.47 | C19: {=INDIRECT("'"&$B$3&"'!"&CHAR(64+COLUMN())&(ROW()-4))} -> 84.9 | D19: {=INDIRECT("'"&$B$3&"'!"&CHAR(64+COLUMN())&(ROW()-4))} -> 83.2 | E19: {=INDIRECT("'"&$B$3&"'!"&CHAR(64+COLUMN())&(ROW()-4))} -> 84.3 | F19: {=INDIRECT("'"&$B$3&"'!"&CHAR(64+COLUMN())&(ROW()-4))} -> 3438 | G19: {=INDIRECT("'"&$B$3&"'!"&CHAR(64+COLUMN())&(ROW()-4))} -> 0.83732057 | H19: {=INDIRECT("'"&$B$3&"'!"&CHAR(64+COLUMN())&(ROW()-4))} -> 83.38 | ... O19: {=INDIRECT("'"&$B$3&"'!"&CHAR(64+COLUMN())&(ROW()-4))} -> 0.39086779 | Q19: 🟢 積極買進 | R19: -1σ 統計下緣 | S19: =IF(LEFT($S$15,1)="🟢",ROUND(E25*(1-N32*1.2),1),"—") -> — | T19: =IF(LEFT($S$15,1)="🟢",ROUND(E25*(1-N32*0.8),1),"—") -> —
A20: {=INDIRECT("'"&$B$3&"'!"&CHAR(64+COLUMN())&(ROW()-4))} -> 46135 | B20: {=INDIRECT("'"&$B$3&"'!"&CHAR(64+COLUMN())&(ROW()-4))} -> 37714.15 | C20: {=INDIRECT("'"&$B$3&"'!"&CHAR(64+COLUMN())&(ROW()-4))} -> 84.9 | D20: {=INDIRECT("'"&$B$3&"'!"&CHAR(64+COLUMN())&(ROW()-4))} -> 79.5 | E20: {=INDIRECT("'"&$B$3&"'!"&CHAR(64+COLUMN())&(ROW()-4))} -> 81.4 | F20: {=INDIRECT("'"&$B$3&"'!"&CHAR(64+COLUMN())&(ROW()-4))} -> 5789 | G20: {=INDIRECT("'"&$B$3&"'!"&CHAR(64+COLUMN())&(ROW()-4))} -> -3.4400949 | H20: {=INDIRECT("'"&$B$3&"'!"&CHAR(64+COLUMN())&(ROW()-4))} -> 82.96 | ... O20: {=INDIRECT("'"&$B$3&"'!"&CHAR(64+COLUMN())&(ROW()-4))} -> 0.17013746 | Q20: 🟡 較安全買點 | R20: -1.5σ 跌深區 | S20: =IF(LEFT($S$15,1)="🟢",ROUND(E25*(1-N32*1.8),1),"—") -> — | T20: =IF(LEFT($S$15,1)="🟢",ROUND(E25*(1-N32*1.4),1),"—") -> —
A21: {=INDIRECT("'"&$B$3&"'!"&CHAR(64+COLUMN())&(ROW()-4))} -> 46136 | B21: {=INDIRECT("'"&$B$3&"'!"&CHAR(64+COLUMN())&(ROW()-4))} -> 38932.4 | C21: {=INDIRECT("'"&$B$3&"'!"&CHAR(64+COLUMN())&(ROW()-4))} -> 82.3 | D21: {=INDIRECT("'"&$B$3&"'!"&CHAR(64+COLUMN())&(ROW()-4))} -> 78.7 | E21: {=INDIRECT("'"&$B$3&"'!"&CHAR(64+COLUMN())&(ROW()-4))} -> 78.8 | F21: {=INDIRECT("'"&$B$3&"'!"&CHAR(64+COLUMN())&(ROW()-4))} -> 3903 | G21: {=INDIRECT("'"&$B$3&"'!"&CHAR(64+COLUMN())&(ROW()-4))} -> -3.1941032 | H21: {=INDIRECT("'"&$B$3&"'!"&CHAR(64+COLUMN())&(ROW()-4))} -> 82.28 | ... O21: {=INDIRECT("'"&$B$3&"'!"&CHAR(64+COLUMN())&(ROW()-4))} -> -0.15090512 | Q21: 🔵 強支撐買點 | R21: -2σ 強支撐 | S21: =IF(LEFT($S$15,1)="🟢",ROUND(E25*(1-N32*2.4),1),"—") -> — | T21: =IF(LEFT($S$15,1)="🟢",ROUND(E25*(1-N32*2),1),"—") -> —
A22: {=INDIRECT("'"&$B$3&"'!"&CHAR(64+COLUMN())&(ROW()-4))} -> 46139 | B22: {=INDIRECT("'"&$B$3&"'!"&CHAR(64+COLUMN())&(ROW()-4))} -> 39616.63 | C22: {=INDIRECT("'"&$B$3&"'!"&CHAR(64+COLUMN())&(ROW()-4))} -> 79.5 | D22: {=INDIRECT("'"&$B$3&"'!"&CHAR(64+COLUMN())&(ROW()-4))} -> 76.4 | E22: {=INDIRECT("'"&$B$3&"'!"&CHAR(64+COLUMN())&(ROW()-4))} -> 77.4 | F22: {=INDIRECT("'"&$B$3&"'!"&CHAR(64+COLUMN())&(ROW()-4))} -> 4323 | G22: {=INDIRECT("'"&$B$3&"'!"&CHAR(64+COLUMN())&(ROW()-4))} -> -1.7766497 | H22: {=INDIRECT("'"&$B$3&"'!"&CHAR(64+COLUMN())&(ROW()-4))} -> 81.1 | ... O22: {=INDIRECT("'"&$B$3&"'!"&CHAR(64+COLUMN())&(ROW()-4))} -> -0.44106675 | Q22: 🟡 小反彈賣 | R22: MA5 壓力 | S22: =IF(OR(AND(LEFT($S$15,1)="🔴",RIGHT($S$15,2)="出場"),AND($S$15="🔴 觀望",$S$12="🔴")),ROUND(MIN(H25,E25*(1+N32*0.8)),1),"—") -> 77.4 | T22: =IF(OR(AND(LEFT($S$15,1)="🔴",RIGHT($S$15,2)="出場"),AND($S$15="🔴 觀望",$S$12="🔴")),ROUND(MAX(H25,E25*(1+N32*1.2)),1),"—") -> 78.8
A23: {=INDIRECT("'"&$B$3&"'!"&CHAR(64+COLUMN())&(ROW()-4))} -> 46140 | B23: {=INDIRECT("'"&$B$3&"'!"&CHAR(64+COLUMN())&(ROW()-4))} -> 39521.73 | C23: {=INDIRECT("'"&$B$3&"'!"&CHAR(64+COLUMN())&(ROW()-4))} -> 78.2 | D23: {=INDIRECT("'"&$B$3&"'!"&CHAR(64+COLUMN())&(ROW()-4))} -> 76.8 | E23: {=INDIRECT("'"&$B$3&"'!"&CHAR(64+COLUMN())&(ROW()-4))} -> 77 | F23: {=INDIRECT("'"&$B$3&"'!"&CHAR(64+COLUMN())&(ROW()-4))} -> 3232 | G23: {=INDIRECT("'"&$B$3&"'!"&CHAR(64+COLUMN())&(ROW()-4))} -> -0.51679587 | H23: {=INDIRECT("'"&$B$3&"'!"&CHAR(64+COLUMN())&(ROW()-4))} -> 79.78 | ... O23: {=INDIRECT("'"&$B$3&"'!"&CHAR(64+COLUMN())&(ROW()-4))} -> -0.6318391 | Q23: 🔴 較佳出場 | R23: MA10 強壓 | S23: =IF(OR(AND(LEFT($S$15,1)="🔴",RIGHT($S$15,2)="出場"),AND($S$15="🔴 觀望",$S$12="🔴")),ROUND(MIN(I25,E25*(1+N32*1.4)),1),"—") -> 79.2 | T23: =IF(OR(AND(LEFT($S$15,1)="🔴",RIGHT($S$15,2)="出場"),AND($S$15="🔴 觀望",$S$12="🔴")),ROUND(MAX(I25,E25*(1+N32*1.8)),1),"—") -> 80.2
A24: {=INDIRECT("'"&$B$3&"'!"&CHAR(64+COLUMN())&(ROW()-4))} -> 46141 | B24: {=INDIRECT("'"&$B$3&"'!"&CHAR(64+COLUMN())&(ROW()-4))} -> 39303.5 | C24: {=INDIRECT("'"&$B$3&"'!"&CHAR(64+COLUMN())&(ROW()-4))} -> 78.5 | D24: {=INDIRECT("'"&$B$3&"'!"&CHAR(64+COLUMN())&(ROW()-4))} -> 76.6 | E24: {=INDIRECT("'"&$B$3&"'!"&CHAR(64+COLUMN())&(ROW()-4))} -> 77.2 | F24: {=INDIRECT("'"&$B$3&"'!"&CHAR(64+COLUMN())&(ROW()-4))} -> 2483 | G24: {=INDIRECT("'"&$B$3&"'!"&CHAR(64+COLUMN())&(ROW()-4))} -> 0.25974026 | H24: {=INDIRECT("'"&$B$3&"'!"&CHAR(64+COLUMN())&(ROW()-4))} -> 78.36 | ... O24: {=INDIRECT("'"&$B$3&"'!"&CHAR(64+COLUMN())&(ROW()-4))} -> -0.71058489 | Q24: ⚠️ 突破關鍵 | R24: 站上該價燈號轉強 | S24: =IF(OR(AND(LEFT($S$15,1)="🔴",RIGHT($S$15,2)="出場"),AND($S$15="🔴 觀望",$S$12="🔴")),ROUND(MAX(I25,E25*(1+N32*2)),1),"—") -> 80.4 | T24: =IF(OR(AND(LEFT($S$15,1)="🔴",RIGHT($S$15,2)="出場"),AND($S$15="🔴 觀望",$S$12="🔴")),ROUND(E25*(1+N32*2.4),1),"—") -> 81.2
A25: {=INDIRECT("'"&$B$3&"'!"&CHAR(64+COLUMN())&(ROW()-4))} -> 46142 | B25: {=INDIRECT("'"&$B$3&"'!"&CHAR(64+COLUMN())&(ROW()-4))} -> 38926.63 | C25: {=INDIRECT("'"&$B$3&"'!"&CHAR(64+COLUMN())&(ROW()-4))} -> 78.2 | D25: {=INDIRECT("'"&$B$3&"'!"&CHAR(64+COLUMN())&(ROW()-4))} -> 76.5 | E25: {=INDIRECT("'"&$B$3&"'!"&CHAR(64+COLUMN())&(ROW()-4))} -> 76.5 | F25: {=INDIRECT("'"&$B$3&"'!"&CHAR(64+COLUMN())&(ROW()-4))} -> 1915 | G25: {=INDIRECT("'"&$B$3&"'!"&CHAR(64+COLUMN())&(ROW()-4))} -> -0.90673575 | H25: {=INDIRECT("'"&$B$3&"'!"&CHAR(64+COLUMN())&(ROW()-4))} -> 77.38 | ... O25: {=INDIRECT("'"&$B$3&"'!"&CHAR(64+COLUMN())&(ROW()-4))} -> -0.77080294 | Q25: 說明 | R25: =IF(LEFT($S$15,1)="🟢","燈號偏多→顯示買進區間（以收盤 "&TEXT(E25,"0.0")&"、σ="&TEXT(N32,"0.00%")&"）",IF(OR(AND(LEFT($S$15,1)="🔴",RIGHT($S$15,2)="出場"),AND($S$15="🔴 觀望",$S$12="🔴")),"燈號偏空→顯示賣出區間（以收盤 "&TEXT(E25,"0.0")&"、σ="&TEXT(N32,"0.00%")&"）","目前燈號為「"&$S$15&"」，建議等待、不推薦進出場")) -> 燈號偏空→顯示賣出區間（以收盤 76.5、σ=2.53%）
Q26: 距離預警 | R26: 目標價 | S26: 距現價 | T26: 說明
A27: 2025年 各季 EPS（元） | G27: 2026年 各季 EPS（元） | M27: 摘要統計 | Q27: 🟢 至買進區 | R27: =ROUND(E25*(1-N32),1) -> 74.6 | S27: =ROUND((E25*(1-N32)-E25)/E25,4) -> -0.0253 | T27: ="再跌 "&TEXT(ABS((E25*(1-N32)-E25)/E25),"0.0%")&" 至 "&TEXT(E25*(1-N32),"0.0")&" 進入積極買進區" -> 再跌 2.5% 至 74.6 進入積極買進區
A28: 季別 | B28: Q1 | C28: Q2 | D28: Q3 | E28: Q4 | G28: 季別 | H28: Q1 | I28: Q2 | J28: Q3 | K28: Q4 | M28: 最高價 | N28: =MAX(C6:C25) -> 87.5 | Q28: 🔴 至賣出區 | R28: =ROUND(MAX(H25,E25*(1+N32)),1) -> 78.4 | S28: =ROUND((MAX(H25,E25*(1+N32))-E25)/E25,4) -> 0.0253 | T28: ="再漲 "&TEXT(ABS((MAX(H25,E25*(1+N32))-E25)/E25),"0.0%")&" 至 "&TEXT(MAX(H25,E25*(1+N32)),"0.0")&" 進入反彈賣出區" -> 再漲 2.5% 至 78.4 進入反彈賣出區
A29: 單季 EPS | B29: 1.02 | C29: 1.13 | D29: 1 | E29: 0.89 | G29: 單季 EPS | M29: 最低價 | N29: =MIN(D6:D25) -> 75.9
A30: 全年合計 | B30: 4.04 | G30: 全年合計 | M30: 平均收盤 | N30: =AVERAGE(E6:E25) -> 81.055
A31: 季變化 | B31: — | C31: 0.10784314 | D31: -0.11504425 | E31: -0.11 | G31: 季變化 | H31: — | M31: 15日漲幅 | N31: =(E25-E6)/E6 -> -0.001305483
A32: 來源：Yahoo（非官方第三方） | M32: 波動率 | N32: =STDEV(G7:G25)/100 -> 0.025331673
A33: 5388 中磊 ─ 股價合理性評估 | G33: 股價合理性評估（三法平均） | M33: 最新收盤 | N33: =E25 -> 76.5
A34: 股利 | B34: 2.5 | H34: 便宜價 | I34: 合理價 | J34: 貴價
A35: 每股淨值 | B35: 53.24 | G35: PER 法 | H35: =B36*B30 -> 40.4 | I35: =C36*B30 -> 60.6 | J35: =D36*B30 -> 88.88
A36: PER 倍數 | B36: 10 | C36: 15 | D36: 22 | G36: PBR 法 | H36: =B37*B35 -> 63.888 | I36: =C37*B35 -> 106.48 | J36: =D37*B35 -> 159.72
A37: PBR 倍數 | B37: 1.2 | C37: 2 | D37: 3 | G37: 殖利率法 | H37: =B34/B38 -> 50 | I37: =B34/C38 -> 65.789474 | J37: =B34/D38 -> 89.285714
A38: 殖利率 | B38: 0.05 | C38: 0.038 | D38: 0.028 | G38: 三法平均 | H38: =AVERAGE(H35,H36,H37) -> 51.429333 | I38: =AVERAGE(I35,I36,I37) -> 77.623158 | J38: =AVERAGE(J35,J36,J37) -> 112.62857

Sheet 6285 啟碁
A1: 6285 啟碁 - 近20日股價追蹤
A2: 所屬產業： | B2: 網通
A3: 資料來源： | B3: 6285
A5: 日期 | B5: 大盤 | C5: 最高 | D5: 最低 | E5: 收盤 | F5: 成交量(張) | G5: 漲跌幅 | H5: MA5 | I5: MA10 | J5: MA20 | K5: RSI(6) | L5: RSI(12) | M5: KD-K | N5: KD-D | O5: MACD-OSC | Q5: 燈號儀表板
A6: {=INDIRECT("'"&$B$3&"'!"&CHAR(64+COLUMN())&(ROW()-4))} -> 46113 | B6: {=INDIRECT("'"&$B$3&"'!"&CHAR(64+COLUMN())&(ROW()-4))} -> 33174.82 | C6: {=INDIRECT("'"&$B$3&"'!"&CHAR(64+COLUMN())&(ROW()-4))} -> 184.5 | D6: {=INDIRECT("'"&$B$3&"'!"&CHAR(64+COLUMN())&(ROW()-4))} -> 176 | E6: {=INDIRECT("'"&$B$3&"'!"&CHAR(64+COLUMN())&(ROW()-4))} -> 178 | F6: {=INDIRECT("'"&$B$3&"'!"&CHAR(64+COLUMN())&(ROW()-4))} -> 24963 | G6: {=INDIRECT("'"&$B$3&"'!"&CHAR(64+COLUMN())&(ROW()-4))} -> 4.7058824 | H6: {=INDIRECT("'"&$B$3&"'!"&CHAR(64+COLUMN())&(ROW()-4))} -> 177.5 | ... O6: {=INDIRECT("'"&$B$3&"'!"&CHAR(64+COLUMN())&(ROW()-4))} -> -0.17596902 | Q6: 步驟 | R6: 條件 | S6: 燈號 | T6: 細節
A7: {=INDIRECT("'"&$B$3&"'!"&CHAR(64+COLUMN())&(ROW()-4))} -> 46114 | B7: {=INDIRECT("'"&$B$3&"'!"&CHAR(64+COLUMN())&(ROW()-4))} -> 32572.43 | C7: {=INDIRECT("'"&$B$3&"'!"&CHAR(64+COLUMN())&(ROW()-4))} -> 185 | D7: {=INDIRECT("'"&$B$3&"'!"&CHAR(64+COLUMN())&(ROW()-4))} -> 176 | E7: {=INDIRECT("'"&$B$3&"'!"&CHAR(64+COLUMN())&(ROW()-4))} -> 179.5 | F7: {=INDIRECT("'"&$B$3&"'!"&CHAR(64+COLUMN())&(ROW()-4))} -> 26648 | G7: {=INDIRECT("'"&$B$3&"'!"&CHAR(64+COLUMN())&(ROW()-4))} -> 0.84269663 | H7: {=INDIRECT("'"&$B$3&"'!"&CHAR(64+COLUMN())&(ROW()-4))} -> 179 | ... O7: {=INDIRECT("'"&$B$3&"'!"&CHAR(64+COLUMN())&(ROW()-4))} -> -0.044619736 | Q7: 1 | R7: 大盤過濾（大盤 > 自身 MA20） | S7: =IF(COUNT(B6:B25)<5,"⚪",IF(AND(B25>AVERAGE(B6:B25),B25>B20),"🟢",IF(OR(B25>AVERAGE(B6:B25),B25>B20),"🟡","🔴"))) -> 🟢 | T7: =IF(COUNT(B6:B25)<5,"大盤資料不足","大盤="&TEXT(B25,"#,##0")&" vs MA="&TEXT(AVERAGE(B6:B25),"#,##0")&" 斜率:"&IF(B25>B20,"↑","↓")) -> 大盤=38,927 vs MA=36,644 斜率:↑
A8: {=INDIRECT("'"&$B$3&"'!"&CHAR(64+COLUMN())&(ROW()-4))} -> 46119 | B8: {=INDIRECT("'"&$B$3&"'!"&CHAR(64+COLUMN())&(ROW()-4))} -> 33229.82 | C8: {=INDIRECT("'"&$B$3&"'!"&CHAR(64+COLUMN())&(ROW()-4))} -> 197 | D8: {=INDIRECT("'"&$B$3&"'!"&CHAR(64+COLUMN())&(ROW()-4))} -> 181.5 | E8: {=INDIRECT("'"&$B$3&"'!"&CHAR(64+COLUMN())&(ROW()-4))} -> 197 | F8: {=INDIRECT("'"&$B$3&"'!"&CHAR(64+COLUMN())&(ROW()-4))} -> 37637 | G8: {=INDIRECT("'"&$B$3&"'!"&CHAR(64+COLUMN())&(ROW()-4))} -> 9.7493036 | H8: {=INDIRECT("'"&$B$3&"'!"&CHAR(64+COLUMN())&(ROW()-4))} -> 180.7 | ... O8: {=INDIRECT("'"&$B$3&"'!"&CHAR(64+COLUMN())&(ROW()-4))} -> 1.1231879 | Q8: 2 | R8: 趨勢結構（MA10>MA20 且 MA20 斜率向上） | S8: =IF(OR(I25="",J25="",J20=""),"⚪",IF(AND(I25>J25,J25>J20),"🟢",IF(OR(I25>J25,J25>J20),"🟡","🔴"))) -> 🟢 | T8: =IF(OR(I25="",J25="",J20=""),"資料不足","MA10=" &TEXT(I25,"0.0")& " MA20=" &TEXT(J25,"0.0")& " " &IF(I25>J25,"多頭","空頭")& " 斜率:" &IF(J25>J20,"↑","↓")) -> MA10=229.1 MA20=224.8 多頭 斜率:↑
A9: {=INDIRECT("'"&$B$3&"'!"&CHAR(64+COLUMN())&(ROW()-4))} -> 46120 | B9: {=INDIRECT("'"&$B$3&"'!"&CHAR(64+COLUMN())&(ROW()-4))} -> 34761.38 | C9: {=INDIRECT("'"&$B$3&"'!"&CHAR(64+COLUMN())&(ROW()-4))} -> 216.5 | D9: {=INDIRECT("'"&$B$3&"'!"&CHAR(64+COLUMN())&(ROW()-4))} -> 201.5 | E9: {=INDIRECT("'"&$B$3&"'!"&CHAR(64+COLUMN())&(ROW()-4))} -> 216.5 | F9: {=INDIRECT("'"&$B$3&"'!"&CHAR(64+COLUMN())&(ROW()-4))} -> 67261 | G9: {=INDIRECT("'"&$B$3&"'!"&CHAR(64+COLUMN())&(ROW()-4))} -> 9.8984772 | H9: {=INDIRECT("'"&$B$3&"'!"&CHAR(64+COLUMN())&(ROW()-4))} -> 188.2 | ... O9: {=INDIRECT("'"&$B$3&"'!"&CHAR(64+COLUMN())&(ROW()-4))} -> 3.0044845 | Q9: 3 | R9: 動能三合（MA5>MA10 + KD金叉 + RSI6>50） | S9: =IF(OR(H25="",I25="",K25="",M25="",N25="",K24="",M24="",N24=""),"⚪",IF(AND(H25>I25,M25>N25,K25>50,OR(AND(M24<N24,M25>N25,M24<50),AND(K24<50,K25>=50),AND(M24<50,M25>=50))),"🟢",IF(AND(H25>I25,M25>N25,K25>50),"🟡",IF(SUM(IF(H25>I25,1,0),IF(M25>N25,1,0),IF(K25>50,1,0))>=2,"🟡","🔴")))) -> 🔴 | T9: ="MA金叉:"&IF(H25>I25,"✓","✗")&" KD金叉:"&IF(AND(M24<N24,M25>N25),"✓","✗")&"(K="&TEXT(M25,"0")&") RSI6:"&TEXT(K25,"0")&IF(AND(K24<50,K25>=50),"(首破50)","") -> MA金叉:✗ KD金叉:✗(K=23) RSI6:43
A10: {=INDIRECT("'"&$B$3&"'!"&CHAR(64+COLUMN())&(ROW()-4))} -> 46121 | B10: {=INDIRECT("'"&$B$3&"'!"&CHAR(64+COLUMN())&(ROW()-4))} -> 34861.16 | C10: {=INDIRECT("'"&$B$3&"'!"&CHAR(64+COLUMN())&(ROW()-4))} -> 229 | D10: {=INDIRECT("'"&$B$3&"'!"&CHAR(64+COLUMN())&(ROW()-4))} -> 213.5 | E10: {=INDIRECT("'"&$B$3&"'!"&CHAR(64+COLUMN())&(ROW()-4))} -> 226 | F10: {=INDIRECT("'"&$B$3&"'!"&CHAR(64+COLUMN())&(ROW()-4))} -> 57691 | G10: {=INDIRECT("'"&$B$3&"'!"&CHAR(64+COLUMN())&(ROW()-4))} -> 4.3879908 | H10: {=INDIRECT("'"&$B$3&"'!"&CHAR(64+COLUMN())&(ROW()-4))} -> 199.4 | ... O10: {=INDIRECT("'"&$B$3&"'!"&CHAR(64+COLUMN())&(ROW()-4))} -> 4.589337 | Q10: 4 | R10: 量能（≥1.5×5日均量） | S10: =IF(F25="","⚪",IF(S9="🟢",IF(F25>=1.5*AVERAGE(F20:F24),"🟢",IF(F25>=AVERAGE(F20:F24),"🟡","🔴")),IF(S12="🟢",IF(AND(E25>E24,F25<F24),"🔴",IF(F25>=AVERAGE(F20:F24),"🟢","🟡")),IF(F25>=1.5*AVERAGE(F20:F24),"🟢",IF(F25>=AVERAGE(F20:F24),"🟡","🔴"))))) -> 🟡 | T10: ="今量="&TEXT(F25,"#,##0")&" 5日均="&TEXT(AVERAGE(F20:F24),"#,##0")&" 比值="&TEXT(F25/AVERAGE(F20:F24),"0.00")&"x"&IF(AND(E25>E24,F25<F24)," ⚠價漲量縮","") -> 今量=16,699 5日均=27,259 比值=0.61x
A11: {=INDIRECT("'"&$B$3&"'!"&CHAR(64+COLUMN())&(ROW()-4))} -> 46122 | B11: {=INDIRECT("'"&$B$3&"'!"&CHAR(64+COLUMN())&(ROW()-4))} -> 35417.83 | C11: {=INDIRECT("'"&$B$3&"'!"&CHAR(64+COLUMN())&(ROW()-4))} -> 233 | D11: {=INDIRECT("'"&$B$3&"'!"&CHAR(64+COLUMN())&(ROW()-4))} -> 220.5 | E11: {=INDIRECT("'"&$B$3&"'!"&CHAR(64+COLUMN())&(ROW()-4))} -> 225.5 | F11: {=INDIRECT("'"&$B$3&"'!"&CHAR(64+COLUMN())&(ROW()-4))} -> 31774 | G11: {=INDIRECT("'"&$B$3&"'!"&CHAR(64+COLUMN())&(ROW()-4))} -> -0.22123894 | H11: {=INDIRECT("'"&$B$3&"'!"&CHAR(64+COLUMN())&(ROW()-4))} -> 208.9 | ... O11: {=INDIRECT("'"&$B$3&"'!"&CHAR(64+COLUMN())&(ROW()-4))} -> 5.2566669 | Q11: 5 | R11: 停損參考（三段） | S11: — | T11: ="緊 MA10=" & TEXT(I25,"0.0") & " 中 -" & TEXT(IF(N32<0.025,5,IF(N32<0.04,6,8)),"0") & "%=" & TEXT(E25*(1-IF(N32<0.025,0.05,IF(N32<0.04,0.06,0.08))),"0.0") & " 鬆 MA20=" & TEXT(J25,"0.0") & " (σ=" & TEXT(N32,"0.0%") & ")" -> 緊 MA10=229.1 中 -8%=198.7 鬆 MA20=224.8 (σ=6.3%)
A12: {=INDIRECT("'"&$B$3&"'!"&CHAR(64+COLUMN())&(ROW()-4))} -> 46125 | B12: {=INDIRECT("'"&$B$3&"'!"&CHAR(64+COLUMN())&(ROW()-4))} -> 35457.29 | C12: {=INDIRECT("'"&$B$3&"'!"&CHAR(64+COLUMN())&(ROW()-4))} -> 248 | D12: {=INDIRECT("'"&$B$3&"'!"&CHAR(64+COLUMN())&(ROW()-4))} -> 226 | E12: {=INDIRECT("'"&$B$3&"'!"&CHAR(64+COLUMN())&(ROW()-4))} -> 248 | F12: {=INDIRECT("'"&$B$3&"'!"&CHAR(64+COLUMN())&(ROW()-4))} -> 30392 | G12: {=INDIRECT("'"&$B$3&"'!"&CHAR(64+COLUMN())&(ROW()-4))} -> 9.9778271 | H12: {=INDIRECT("'"&$B$3&"'!"&CHAR(64+COLUMN())&(ROW()-4))} -> 222.6 | ... O12: {=INDIRECT("'"&$B$3&"'!"&CHAR(64+COLUMN())&(ROW()-4))} -> 6.7697541 | Q12: 6 | R12: 持有訊號（收盤>MA5） | S12: =IF(OR(E25="",H25=""),"⚪",IF(E25>H25,"🟢",IF(AND(E25<H25,E24<H24),"🔴","🟡"))) -> 🟢 | T12: ="收盤="&TEXT(E25,"0.0")&" MA5="&TEXT(H25,"0.0")&IF(E25>H25," 守穩",IF(AND(E25<H25,E24<H24)," 連2日跌破"," 單日跌破(警示)")) -> 收盤=216.0 MA5=213.3 守穩
A13: {=INDIRECT("'"&$B$3&"'!"&CHAR(64+COLUMN())&(ROW()-4))} -> 46126 | B13: {=INDIRECT("'"&$B$3&"'!"&CHAR(64+COLUMN())&(ROW()-4))} -> 36296.12 | C13: {=INDIRECT("'"&$B$3&"'!"&CHAR(64+COLUMN())&(ROW()-4))} -> 251 | D13: {=INDIRECT("'"&$B$3&"'!"&CHAR(64+COLUMN())&(ROW()-4))} -> 224 | E13: {=INDIRECT("'"&$B$3&"'!"&CHAR(64+COLUMN())&(ROW()-4))} -> 224 | F13: {=INDIRECT("'"&$B$3&"'!"&CHAR(64+COLUMN())&(ROW()-4))} -> 60205 | G13: {=INDIRECT("'"&$B$3&"'!"&CHAR(64+COLUMN())&(ROW()-4))} -> -9.6774194 | H13: {=INDIRECT("'"&$B$3&"'!"&CHAR(64+COLUMN())&(ROW()-4))} -> 228 | ... O13: {=INDIRECT("'"&$B$3&"'!"&CHAR(64+COLUMN())&(ROW()-4))} -> 5.750676 | Q13: 7 | R13: 出場警示（4取2） | S13: =IF(SUM(IF(AND(E25>MAX(E15:E24),K25<MAX(K15:K24)),1,0),IF(AND(E25>MAX(E15:E24),F25<MAX(F15:F24)),1,0),IF(AND(E25<H25,H25<H24),1,0),IF(AND(M24>N24,M25<N25,M24>80),1,0),IF(AND(E25<J25,E24<J24),1,0))>=2,"🔴",IF(SUM(IF(AND(E25>MAX(E15:E24),K25<MAX(K15:K24)),1,0),IF(AND(E25>MAX(E15:E24),F25<MAX(F15:F24)),1,0),IF(AND(E25<H25,H25<H24),1,0),IF(AND(M24>N24,M25<N25,M24>80),1,0),IF(AND(E25<J25,E24<J24),1,0))=1,"🟡","🟢")) -> 🟡 | T13: ="RSI背離:"&IF(AND(E25>MAX(E15:E24),K25<MAX(K15:K24)),"✓","✗")&" 量價背離:"&IF(AND(E25>MAX(E15:E24),F25<MAX(F15:F24)),"✓","✗")&" MA5翻下:"&IF(AND(E25<H25,H25<H24),"✓","✗")&" KD高死叉:"&IF(AND(M24>N24,M25<N25,M24>80),"✓","✗")&" 破MA20:"&IF(AND(E25<J25,E24<J24),"✓","✗") -> RSI背離:✗ 量價背離:✗ MA5翻下:✗ KD高死叉:✗ 破MA20:✓
A14: {=INDIRECT("'"&$B$3&"'!"&CHAR(64+COLUMN())&(ROW()-4))} -> 46127 | B14: {=INDIRECT("'"&$B$3&"'!"&CHAR(64+COLUMN())&(ROW()-4))} -> 36722.14 | C14: {=INDIRECT("'"&$B$3&"'!"&CHAR(64+COLUMN())&(ROW()-4))} -> 245 | D14: {=INDIRECT("'"&$B$3&"'!"&CHAR(64+COLUMN())&(ROW()-4))} -> 230 | E14: {=INDIRECT("'"&$B$3&"'!"&CHAR(64+COLUMN())&(ROW()-4))} -> 243 | F14: {=INDIRECT("'"&$B$3&"'!"&CHAR(64+COLUMN())&(ROW()-4))} -> 51673 | G14: {=INDIRECT("'"&$B$3&"'!"&CHAR(64+COLUMN())&(ROW()-4))} -> 8.4821429 | H14: {=INDIRECT("'"&$B$3&"'!"&CHAR(64+COLUMN())&(ROW()-4))} -> 233.3 | ... O14: {=INDIRECT("'"&$B$3&"'!"&CHAR(64+COLUMN())&(ROW()-4))} -> 5.9289602
A15: {=INDIRECT("'"&$B$3&"'!"&CHAR(64+COLUMN())&(ROW()-4))} -> 46128 | B15: {=INDIRECT("'"&$B$3&"'!"&CHAR(64+COLUMN())&(ROW()-4))} -> 37132.02 | C15: {=INDIRECT("'"&$B$3&"'!"&CHAR(64+COLUMN())&(ROW()-4))} -> 267 | D15: {=INDIRECT("'"&$B$3&"'!"&CHAR(64+COLUMN())&(ROW()-4))} -> 244 | E15: {=INDIRECT("'"&$B$3&"'!"&CHAR(64+COLUMN())&(ROW()-4))} -> 267 | F15: {=INDIRECT("'"&$B$3&"'!"&CHAR(64+COLUMN())&(ROW()-4))} -> 53385 | G15: {=INDIRECT("'"&$B$3&"'!"&CHAR(64+COLUMN())&(ROW()-4))} -> 9.8765432 | H15: {=INDIRECT("'"&$B$3&"'!"&CHAR(64+COLUMN())&(ROW()-4))} -> 241.5 | ... O15: {=INDIRECT("'"&$B$3&"'!"&CHAR(64+COLUMN())&(ROW()-4))} -> 7.1539568 | Q15: 總燈號 | R15: ="通過 "&(COUNTIF(S7:S13,"🟢"))&" / 7 警示 "&COUNTIF(S7:S13,"🟡")&" 危險 "&COUNTIF(S7:S13,"🔴") -> 通過 3 / 7 警示 2 危險 1 | S15: =IF(AND(S7="🟢",COUNTIF(S7:S10,"🟢")=4,S13<>"🔴"),"🟢 強進場",IF(AND(S7="🟢",COUNTIF(S7:S10,"🟢")>=3,S13<>"🔴"),"🟢 次強進場",IF(S13="🔴","🔴 出場",IF(COUNTIF(S7:S13,"🔴")>=2,"🔴 觀望","🟡 等待")))) -> 🟡 等待 | T15: ="基於 "&TEXT(A25,"yyyy/mm/dd")&" 收盤資料" -> 基於 2026/04/30 收盤資料
A16: {=INDIRECT("'"&$B$3&"'!"&CHAR(64+COLUMN())&(ROW()-4))} -> 46129 | B16: {=INDIRECT("'"&$B$3&"'!"&CHAR(64+COLUMN())&(ROW()-4))} -> 36804.34 | C16: {=INDIRECT("'"&$B$3&"'!"&CHAR(64+COLUMN())&(ROW()-4))} -> 274.5 | D16: {=INDIRECT("'"&$B$3&"'!"&CHAR(64+COLUMN())&(ROW()-4))} -> 259 | E16: {=INDIRECT("'"&$B$3&"'!"&CHAR(64+COLUMN())&(ROW()-4))} -> 264.5 | F16: {=INDIRECT("'"&$B$3&"'!"&CHAR(64+COLUMN())&(ROW()-4))} -> 52865 | G16: {=INDIRECT("'"&$B$3&"'!"&CHAR(64+COLUMN())&(ROW()-4))} -> -0.93632959 | H16: {=INDIRECT("'"&$B$3&"'!"&CHAR(64+COLUMN())&(ROW()-4))} -> 249.3 | ... O16: {=INDIRECT("'"&$B$3&"'!"&CHAR(64+COLUMN())&(ROW()-4))} -> 7.2633229
A17: {=INDIRECT("'"&$B$3&"'!"&CHAR(64+COLUMN())&(ROW()-4))} -> 46132 | B17: {=INDIRECT("'"&$B$3&"'!"&CHAR(64+COLUMN())&(ROW()-4))} -> 36958.8 | C17: {=INDIRECT("'"&$B$3&"'!"&CHAR(64+COLUMN())&(ROW()-4))} -> 266.5 | D17: {=INDIRECT("'"&$B$3&"'!"&CHAR(64+COLUMN())&(ROW()-4))} -> 251 | E17: {=INDIRECT("'"&$B$3&"'!"&CHAR(64+COLUMN())&(ROW()-4))} -> 251.5 | F17: {=INDIRECT("'"&$B$3&"'!"&CHAR(64+COLUMN())&(ROW()-4))} -> 33051 | G17: {=INDIRECT("'"&$B$3&"'!"&CHAR(64+COLUMN())&(ROW()-4))} -> -4.9149338 | H17: {=INDIRECT("'"&$B$3&"'!"&CHAR(64+COLUMN())&(ROW()-4))} -> 250 | ... O17: {=INDIRECT("'"&$B$3&"'!"&CHAR(64+COLUMN())&(ROW()-4))} -> 5.98106 | Q17: 隔日參考價位
A18: {=INDIRECT("'"&$B$3&"'!"&CHAR(64+COLUMN())&(ROW()-4))} -> 46133 | B18: {=INDIRECT("'"&$B$3&"'!"&CHAR(64+COLUMN())&(ROW()-4))} -> 37605.11 | C18: {=INDIRECT("'"&$B$3&"'!"&CHAR(64+COLUMN())&(ROW()-4))} -> 261.5 | D18: {=INDIRECT("'"&$B$3&"'!"&CHAR(64+COLUMN())&(ROW()-4))} -> 241 | E18: {=INDIRECT("'"&$B$3&"'!"&CHAR(64+COLUMN())&(ROW()-4))} -> 249.5 | F18: {=INDIRECT("'"&$B$3&"'!"&CHAR(64+COLUMN())&(ROW()-4))} -> 37520 | G18: {=INDIRECT("'"&$B$3&"'!"&CHAR(64+COLUMN())&(ROW()-4))} -> -0.79522863 | H18: {=INDIRECT("'"&$B$3&"'!"&CHAR(64+COLUMN())&(ROW()-4))} -> 255.1 | ... O18: {=INDIRECT("'"&$B$3&"'!"&CHAR(64+COLUMN())&(ROW()-4))} -> 4.5821318 | Q18: 區間 | R18: 技術依據 | S18: 下緣 | T18: 上緣
A19: {=INDIRECT("'"&$B$3&"'!"&CHAR(64+COLUMN())&(ROW()-4))} -> 46134 | B19: {=INDIRECT("'"&$B$3&"'!"&CHAR(64+COLUMN())&(ROW()-4))} -> 37878.47 | C19: {=INDIRECT("'"&$B$3&"'!"&CHAR(64+COLUMN())&(ROW()-4))} -> 251.5 | D19: {=INDIRECT("'"&$B$3&"'!"&CHAR(64+COLUMN())&(ROW()-4))} -> 240 | E19: {=INDIRECT("'"&$B$3&"'!"&CHAR(64+COLUMN())&(ROW()-4))} -> 241.5 | F19: {=INDIRECT("'"&$B$3&"'!"&CHAR(64+COLUMN())&(ROW()-4))} -> 22137 | G19: {=INDIRECT("'"&$B$3&"'!"&CHAR(64+COLUMN())&(ROW()-4))} -> -3.2064128 | H19: {=INDIRECT("'"&$B$3&"'!"&CHAR(64+COLUMN())&(ROW()-4))} -> 254.8 | ... O19: {=INDIRECT("'"&$B$3&"'!"&CHAR(64+COLUMN())&(ROW()-4))} -> 2.7900645 | Q19: 🟢 積極買進 | R19: -1σ 統計下緣 | S19: =IF(LEFT($S$15,1)="🟢",ROUND(E25*(1-N32*1.2),1),"—") -> — | T19: =IF(LEFT($S$15,1)="🟢",ROUND(E25*(1-N32*0.8),1),"—") -> —
A20: {=INDIRECT("'"&$B$3&"'!"&CHAR(64+COLUMN())&(ROW()-4))} -> 46135 | B20: {=INDIRECT("'"&$B$3&"'!"&CHAR(64+COLUMN())&(ROW()-4))} -> 37714.15 | C20: {=INDIRECT("'"&$B$3&"'!"&CHAR(64+COLUMN())&(ROW()-4))} -> 241 | D20: {=INDIRECT("'"&$B$3&"'!"&CHAR(64+COLUMN())&(ROW()-4))} -> 217.5 | E20: {=INDIRECT("'"&$B$3&"'!"&CHAR(64+COLUMN())&(ROW()-4))} -> 217.5 | F20: {=INDIRECT("'"&$B$3&"'!"&CHAR(64+COLUMN())&(ROW()-4))} -> 41075 | G20: {=INDIRECT("'"&$B$3&"'!"&CHAR(64+COLUMN())&(ROW()-4))} -> -9.9378882 | H20: {=INDIRECT("'"&$B$3&"'!"&CHAR(64+COLUMN())&(ROW()-4))} -> 244.9 | ... O20: {=INDIRECT("'"&$B$3&"'!"&CHAR(64+COLUMN())&(ROW()-4))} -> -0.18191344 | Q20: 🟡 較安全買點 | R20: -1.5σ 跌深區 | S20: =IF(LEFT($S$15,1)="🟢",ROUND(E25*(1-N32*1.8),1),"—") -> — | T20: =IF(LEFT($S$15,1)="🟢",ROUND(E25*(1-N32*1.4),1),"—") -> —
A21: {=INDIRECT("'"&$B$3&"'!"&CHAR(64+COLUMN())&(ROW()-4))} -> 46136 | B21: {=INDIRECT("'"&$B$3&"'!"&CHAR(64+COLUMN())&(ROW()-4))} -> 38932.4 | C21: {=INDIRECT("'"&$B$3&"'!"&CHAR(64+COLUMN())&(ROW()-4))} -> 217 | D21: {=INDIRECT("'"&$B$3&"'!"&CHAR(64+COLUMN())&(ROW()-4))} -> 203.5 | E21: {=INDIRECT("'"&$B$3&"'!"&CHAR(64+COLUMN())&(ROW()-4))} -> 208.5 | F21: {=INDIRECT("'"&$B$3&"'!"&CHAR(64+COLUMN())&(ROW()-4))} -> 28404 | G21: {=INDIRECT("'"&$B$3&"'!"&CHAR(64+COLUMN())&(ROW()-4))} -> -4.137931 | H21: {=INDIRECT("'"&$B$3&"'!"&CHAR(64+COLUMN())&(ROW()-4))} -> 233.7 | ... O21: {=INDIRECT("'"&$B$3&"'!"&CHAR(64+COLUMN())&(ROW()-4))} -> -2.7799609 | Q21: 🔵 強支撐買點 | R21: -2σ 強支撐 | S21: =IF(LEFT($S$15,1)="🟢",ROUND(E25*(1-N32*2.4),1),"—") -> — | T21: =IF(LEFT($S$15,1)="🟢",ROUND(E25*(1-N32*2),1),"—") -> —
A22: {=INDIRECT("'"&$B$3&"'!"&CHAR(64+COLUMN())&(ROW()-4))} -> 46139 | B22: {=INDIRECT("'"&$B$3&"'!"&CHAR(64+COLUMN())&(ROW()-4))} -> 39616.63 | C22: {=INDIRECT("'"&$B$3&"'!"&CHAR(64+COLUMN())&(ROW()-4))} -> 214 | D22: {=INDIRECT("'"&$B$3&"'!"&CHAR(64+COLUMN())&(ROW()-4))} -> 200 | E22: {=INDIRECT("'"&$B$3&"'!"&CHAR(64+COLUMN())&(ROW()-4))} -> 211.5 | F22: {=INDIRECT("'"&$B$3&"'!"&CHAR(64+COLUMN())&(ROW()-4))} -> 29501 | G22: {=INDIRECT("'"&$B$3&"'!"&CHAR(64+COLUMN())&(ROW()-4))} -> 1.4388489 | H22: {=INDIRECT("'"&$B$3&"'!"&CHAR(64+COLUMN())&(ROW()-4))} -> 225.7 | ... O22: {=INDIRECT("'"&$B$3&"'!"&CHAR(64+COLUMN())&(ROW()-4))} -> -4.2352939 | Q22: 🟡 小反彈賣 | R22: MA5 壓力 | S22: =IF(OR(AND(LEFT($S$15,1)="🔴",RIGHT($S$15,2)="出場"),AND($S$15="🔴 觀望",$S$12="🔴")),ROUND(MIN(H25,E25*(1+N32*0.8)),1),"—") -> — | T22: =IF(OR(AND(LEFT($S$15,1)="🔴",RIGHT($S$15,2)="出場"),AND($S$15="🔴 觀望",$S$12="🔴")),ROUND(MAX(H25,E25*(1+N32*1.2)),1),"—") -> —
A23: {=INDIRECT("'"&$B$3&"'!"&CHAR(64+COLUMN())&(ROW()-4))} -> 46140 | B23: {=INDIRECT("'"&$B$3&"'!"&CHAR(64+COLUMN())&(ROW()-4))} -> 39521.73 | C23: {=INDIRECT("'"&$B$3&"'!"&CHAR(64+COLUMN())&(ROW()-4))} -> 222 | D23: {=INDIRECT("'"&$B$3&"'!"&CHAR(64+COLUMN())&(ROW()-4))} -> 209.5 | E23: {=INDIRECT("'"&$B$3&"'!"&CHAR(64+COLUMN())&(ROW()-4))} -> 217.5 | F23: {=INDIRECT("'"&$B$3&"'!"&CHAR(64+COLUMN())&(ROW()-4))} -> 25868 | G23: {=INDIRECT("'"&$B$3&"'!"&CHAR(64+COLUMN())&(ROW()-4))} -> 2.8368794 | H23: {=INDIRECT("'"&$B$3&"'!"&CHAR(64+COLUMN())&(ROW()-4))} -> 219.3 | ... O23: {=INDIRECT("'"&$B$3&"'!"&CHAR(64+COLUMN())&(ROW()-4))} -> -4.6969987 | Q23: 🔴 較佳出場 | R23: MA10 強壓 | S23: =IF(OR(AND(LEFT($S$15,1)="🔴",RIGHT($S$15,2)="出場"),AND($S$15="🔴 觀望",$S$12="🔴")),ROUND(MIN(I25,E25*(1+N32*1.4)),1),"—") -> — | T23: =IF(OR(AND(LEFT($S$15,1)="🔴",RIGHT($S$15,2)="出場"),AND($S$15="🔴 觀望",$S$12="🔴")),ROUND(MAX(I25,E25*(1+N32*1.8)),1),"—") -> —
A24: {=INDIRECT("'"&$B$3&"'!"&CHAR(64+COLUMN())&(ROW()-4))} -> 46141 | B24: {=INDIRECT("'"&$B$3&"'!"&CHAR(64+COLUMN())&(ROW()-4))} -> 39303.5 | C24: {=INDIRECT("'"&$B$3&"'!"&CHAR(64+COLUMN())&(ROW()-4))} -> 216 | D24: {=INDIRECT("'"&$B$3&"'!"&CHAR(64+COLUMN())&(ROW()-4))} -> 208.5 | E24: {=INDIRECT("'"&$B$3&"'!"&CHAR(64+COLUMN())&(ROW()-4))} -> 213 | F24: {=INDIRECT("'"&$B$3&"'!"&CHAR(64+COLUMN())&(ROW()-4))} -> 11447 | G24: {=INDIRECT("'"&$B$3&"'!"&CHAR(64+COLUMN())&(ROW()-4))} -> -2.0689655 | H24: {=INDIRECT("'"&$B$3&"'!"&CHAR(64+COLUMN())&(ROW()-4))} -> 213.6 | ... O24: {=INDIRECT("'"&$B$3&"'!"&CHAR(64+COLUMN())&(ROW()-4))} -> -5.1710932 | Q24: ⚠️ 突破關鍵 | R24: 站上該價燈號轉強 | S24: =IF(OR(AND(LEFT($S$15,1)="🔴",RIGHT($S$15,2)="出場"),AND($S$15="🔴 觀望",$S$12="🔴")),ROUND(MAX(I25,E25*(1+N32*2)),1),"—") -> — | T24: =IF(OR(AND(LEFT($S$15,1)="🔴",RIGHT($S$15,2)="出場"),AND($S$15="🔴 觀望",$S$12="🔴")),ROUND(E25*(1+N32*2.4),1),"—") -> —
A25: {=INDIRECT("'"&$B$3&"'!"&CHAR(64+COLUMN())&(ROW()-4))} -> 46142 | B25: {=INDIRECT("'"&$B$3&"'!"&CHAR(64+COLUMN())&(ROW()-4))} -> 38926.63 | C25: {=INDIRECT("'"&$B$3&"'!"&CHAR(64+COLUMN())&(ROW()-4))} -> 222.5 | D25: {=INDIRECT("'"&$B$3&"'!"&CHAR(64+COLUMN())&(ROW()-4))} -> 212.5 | E25: {=INDIRECT("'"&$B$3&"'!"&CHAR(64+COLUMN())&(ROW()-4))} -> 216 | F25: {=INDIRECT("'"&$B$3&"'!"&CHAR(64+COLUMN())&(ROW()-4))} -> 16699 | G25: {=INDIRECT("'"&$B$3&"'!"&CHAR(64+COLUMN())&(ROW()-4))} -> 1.4084507 | H25: {=INDIRECT("'"&$B$3&"'!"&CHAR(64+COLUMN())&(ROW()-4))} -> 213.3 | ... O25: {=INDIRECT("'"&$B$3&"'!"&CHAR(64+COLUMN())&(ROW()-4))} -> -5.1376822 | Q25: 說明 | R25: =IF(LEFT($S$15,1)="🟢","燈號偏多→顯示買進區間（以收盤 "&TEXT(E25,"0.0")&"、σ="&TEXT(N32,"0.00%")&"）",IF(OR(AND(LEFT($S$15,1)="🔴",RIGHT($S$15,2)="出場"),AND($S$15="🔴 觀望",$S$12="🔴")),"燈號偏空→顯示賣出區間（以收盤 "&TEXT(E25,"0.0")&"、σ="&TEXT(N32,"0.00%")&"）","目前燈號為「"&$S$15&"」，建議等待、不推薦進出場")) -> 目前燈號為「🟡 等待」，建議等待、不推薦進出場
Q26: 距離預警 | R26: 目標價 | S26: 距現價 | T26: 說明
A27: 2025年 各季 EPS（元） | G27: 2026年 各季 EPS（元） | M27: 摘要統計 | Q27: 🟢 至買進區 | R27: =ROUND(E25*(1-N32),1) -> 202.4 | S27: =ROUND((E25*(1-N32)-E25)/E25,4) -> -0.0631 | T27: ="再跌 "&TEXT(ABS((E25*(1-N32)-E25)/E25),"0.0%")&" 至 "&TEXT(E25*(1-N32),"0.0")&" 進入積極買進區" -> 再跌 6.3% 至 202.4 進入積極買進區
A28: 季別 | B28: Q1 | C28: Q2 | D28: Q3 | E28: Q4 | G28: 季別 | H28: Q1 | I28: Q2 | J28: Q3 | K28: Q4 | M28: 最高價 | N28: =MAX(C6:C25) -> 274.5 | Q28: 🔴 至賣出區 | R28: =ROUND(MAX(H25,E25*(1+N32)),1) -> 229.6 | S28: =ROUND((MAX(H25,E25*(1+N32))-E25)/E25,4) -> 0.0631 | T28: ="再漲 "&TEXT(ABS((MAX(H25,E25*(1+N32))-E25)/E25),"0.0%")&" 至 "&TEXT(MAX(H25,E25*(1+N32)),"0.0")&" 進入反彈賣出區" -> 再漲 6.3% 至 229.6 進入反彈賣出區
A29: 單季 EPS | B29: 1.92 | C29: 1.03 | D29: 1.39 | E29: 2.06 | G29: 單季 EPS | M29: 最低價 | N29: =MIN(D6:D25) -> 176
A30: 全年合計 | B30: 6.4 | G30: 全年合計 | M30: 平均收盤 | N30: =AVERAGE(E6:E25) -> 224.775
A31: 季變化 | B31: — | C31: -0.46354167 | D31: 0.34951456 | E31: 0.48201439 | G31: 季變化 | H31: — | M31: 15日漲幅 | N31: =(E25-E6)/E6 -> 0.21348315
A32: 來源：Yahoo奇摩股市（非官方第三方） | M32: 波動率 | N32: =STDEV(G7:G25)/100 -> 0.063074432
A33: 6285 啟碁 ─ 股價合理性評估 | G33: 股價合理性評估（三法平均） | M33: 最新收盤 | N33: =E25 -> 216
A34: 股利 | B34: 4.8 | H34: 便宜價 | I34: 合理價 | J34: 貴價
A35: 每股淨值 | B35: 70.89 | G35: PER 法 | H35: =B36*B30 -> 64 | I35: =C36*B30 -> 102.4 | J35: =D36*B30 -> 140.8
A36: PER 倍數 | B36: 10 | C36: 16 | D36: 22 | G36: PBR 法 | H36: =B37*B35 -> 141.78 | I36: =C37*B35 -> 212.67 | J36: =D37*B35 -> 319.005
A37: PBR 倍數 | B37: 2 | C37: 3 | D37: 4.5 | G37: 殖利率法 | H37: =B34/B38 -> 96 | I37: =B34/C38 -> 126.31579 | J37: =B34/D38 -> 171.42857
A38: 殖利率 | B38: 0.05 | C38: 0.038 | D38: 0.028 | G38: 三法平均 | H38: =AVERAGE(H35,H36,H37) -> 100.59333 | I38: =AVERAGE(I35,I36,I37) -> 147.1286 | J38: =AVERAGE(J35,J36,J37) -> 210.41119

Sheet 2352 佳世達
A1: 2352 佳世達 - 近20日股價追蹤
A2: 所屬產業： | B2: 顯示器/醫療
A3: 資料來源： | B3: 2352
A5: 日期 | B5: 大盤 | C5: 最高 | D5: 最低 | E5: 收盤 | F5: 成交量(張) | G5: 漲跌幅 | H5: MA5 | I5: MA10 | J5: MA20 | K5: RSI(6) | L5: RSI(12) | M5: KD-K | N5: KD-D | O5: MACD-OSC | Q5: 燈號儀表板
A6: {=INDIRECT("'"&$B$3&"'!"&CHAR(64+COLUMN())&(ROW()-4))} -> 46113 | B6: {=INDIRECT("'"&$B$3&"'!"&CHAR(64+COLUMN())&(ROW()-4))} -> 33174.82 | C6: {=INDIRECT("'"&$B$3&"'!"&CHAR(64+COLUMN())&(ROW()-4))} -> 23.4 | D6: {=INDIRECT("'"&$B$3&"'!"&CHAR(64+COLUMN())&(ROW()-4))} -> 22.9 | E6: {=INDIRECT("'"&$B$3&"'!"&CHAR(64+COLUMN())&(ROW()-4))} -> 23.3 | F6: {=INDIRECT("'"&$B$3&"'!"&CHAR(64+COLUMN())&(ROW()-4))} -> 3567 | G6: {=INDIRECT("'"&$B$3&"'!"&CHAR(64+COLUMN())&(ROW()-4))} -> 2.4175824 | H6: {=INDIRECT("'"&$B$3&"'!"&CHAR(64+COLUMN())&(ROW()-4))} -> 23.37 | ... O6: {=INDIRECT("'"&$B$3&"'!"&CHAR(64+COLUMN())&(ROW()-4))} -> -0.058184519 | Q6: 步驟 | R6: 條件 | S6: 燈號 | T6: 細節
A7: {=INDIRECT("'"&$B$3&"'!"&CHAR(64+COLUMN())&(ROW()-4))} -> 46114 | B7: {=INDIRECT("'"&$B$3&"'!"&CHAR(64+COLUMN())&(ROW()-4))} -> 32572.43 | C7: {=INDIRECT("'"&$B$3&"'!"&CHAR(64+COLUMN())&(ROW()-4))} -> 23.7 | D7: {=INDIRECT("'"&$B$3&"'!"&CHAR(64+COLUMN())&(ROW()-4))} -> 23.2 | E7: {=INDIRECT("'"&$B$3&"'!"&CHAR(64+COLUMN())&(ROW()-4))} -> 23.3 | F7: {=INDIRECT("'"&$B$3&"'!"&CHAR(64+COLUMN())&(ROW()-4))} -> 3193 | G7: {=INDIRECT("'"&$B$3&"'!"&CHAR(64+COLUMN())&(ROW()-4))} -> 0 | H7: {=INDIRECT("'"&$B$3&"'!"&CHAR(64+COLUMN())&(ROW()-4))} -> 23.22 | ... O7: {=INDIRECT("'"&$B$3&"'!"&CHAR(64+COLUMN())&(ROW()-4))} -> -0.042548575 | Q7: 1 | R7: 大盤過濾（大盤 > 自身 MA20） | S7: =IF(COUNT(B6:B25)<5,"⚪",IF(AND(B25>AVERAGE(B6:B25),B25>B20),"🟢",IF(OR(B25>AVERAGE(B6:B25),B25>B20),"🟡","🔴"))) -> 🟢 | T7: =IF(COUNT(B6:B25)<5,"大盤資料不足","大盤="&TEXT(B25,"#,##0")&" vs MA="&TEXT(AVERAGE(B6:B25),"#,##0")&" 斜率:"&IF(B25>B20,"↑","↓")) -> 大盤=38,927 vs MA=36,644 斜率:↑
A8: {=INDIRECT("'"&$B$3&"'!"&CHAR(64+COLUMN())&(ROW()-4))} -> 46119 | B8: {=INDIRECT("'"&$B$3&"'!"&CHAR(64+COLUMN())&(ROW()-4))} -> 33229.82 | C8: {=INDIRECT("'"&$B$3&"'!"&CHAR(64+COLUMN())&(ROW()-4))} -> 23.5 | D8: {=INDIRECT("'"&$B$3&"'!"&CHAR(64+COLUMN())&(ROW()-4))} -> 23.1 | E8: {=INDIRECT("'"&$B$3&"'!"&CHAR(64+COLUMN())&(ROW()-4))} -> 23.2 | F8: {=INDIRECT("'"&$B$3&"'!"&CHAR(64+COLUMN())&(ROW()-4))} -> 2578 | G8: {=INDIRECT("'"&$B$3&"'!"&CHAR(64+COLUMN())&(ROW()-4))} -> -0.42918455 | H8: {=INDIRECT("'"&$B$3&"'!"&CHAR(64+COLUMN())&(ROW()-4))} -> 23.13 | ... O8: {=INDIRECT("'"&$B$3&"'!"&CHAR(64+COLUMN())&(ROW()-4))} -> -0.033489619 | Q8: 2 | R8: 趨勢結構（MA10>MA20 且 MA20 斜率向上） | S8: =IF(OR(I25="",J25="",J20=""),"⚪",IF(AND(I25>J25,J25>J20),"🟢",IF(OR(I25>J25,J25>J20),"🟡","🔴"))) -> 🟢 | T8: =IF(OR(I25="",J25="",J20=""),"資料不足","MA10=" &TEXT(I25,"0.0")& " MA20=" &TEXT(J25,"0.0")& " " &IF(I25>J25,"多頭","空頭")& " 斜率:" &IF(J25>J20,"↑","↓")) -> MA10=24.9 MA20=24.5 多頭 斜率:↑
A9: {=INDIRECT("'"&$B$3&"'!"&CHAR(64+COLUMN())&(ROW()-4))} -> 46120 | B9: {=INDIRECT("'"&$B$3&"'!"&CHAR(64+COLUMN())&(ROW()-4))} -> 34761.38 | C9: {=INDIRECT("'"&$B$3&"'!"&CHAR(64+COLUMN())&(ROW()-4))} -> 24 | D9: {=INDIRECT("'"&$B$3&"'!"&CHAR(64+COLUMN())&(ROW()-4))} -> 23.5 | E9: {=INDIRECT("'"&$B$3&"'!"&CHAR(64+COLUMN())&(ROW()-4))} -> 23.8 | F9: {=INDIRECT("'"&$B$3&"'!"&CHAR(64+COLUMN())&(ROW()-4))} -> 4776 | G9: {=INDIRECT("'"&$B$3&"'!"&CHAR(64+COLUMN())&(ROW()-4))} -> 2.5862069 | H9: {=INDIRECT("'"&$B$3&"'!"&CHAR(64+COLUMN())&(ROW()-4))} -> 23.27 | ... O9: {=INDIRECT("'"&$B$3&"'!"&CHAR(64+COLUMN())&(ROW()-4))} -> 0.015720818 | Q9: 3 | R9: 動能三合（MA5>MA10 + KD金叉 + RSI6>50） | S9: =IF(OR(H25="",I25="",K25="",M25="",N25="",K24="",M24="",N24=""),"⚪",IF(AND(H25>I25,M25>N25,K25>50,OR(AND(M24<N24,M25>N25,M24<50),AND(K24<50,K25>=50),AND(M24<50,M25>=50))),"🟢",IF(AND(H25>I25,M25>N25,K25>50),"🟡",IF(SUM(IF(H25>I25,1,0),IF(M25>N25,1,0),IF(K25>50,1,0))>=2,"🟡","🔴")))) -> 🔴 | T9: ="MA金叉:"&IF(H25>I25,"✓","✗")&" KD金叉:"&IF(AND(M24<N24,M25>N25),"✓","✗")&"(K="&TEXT(M25,"0")&") RSI6:"&TEXT(K25,"0")&IF(AND(K24<50,K25>=50),"(首破50)","") -> MA金叉:✗ KD金叉:✗(K=21) RSI6:34
A10: {=INDIRECT("'"&$B$3&"'!"&CHAR(64+COLUMN())&(ROW()-4))} -> 46121 | B10: {=INDIRECT("'"&$B$3&"'!"&CHAR(64+COLUMN())&(ROW()-4))} -> 34861.16 | C10: {=INDIRECT("'"&$B$3&"'!"&CHAR(64+COLUMN())&(ROW()-4))} -> 24.4 | D10: {=INDIRECT("'"&$B$3&"'!"&CHAR(64+COLUMN())&(ROW()-4))} -> 23.55 | E10: {=INDIRECT("'"&$B$3&"'!"&CHAR(64+COLUMN())&(ROW()-4))} -> 24.35 | F10: {=INDIRECT("'"&$B$3&"'!"&CHAR(64+COLUMN())&(ROW()-4))} -> 6090 | G10: {=INDIRECT("'"&$B$3&"'!"&CHAR(64+COLUMN())&(ROW()-4))} -> 2.3109244 | H10: {=INDIRECT("'"&$B$3&"'!"&CHAR(64+COLUMN())&(ROW()-4))} -> 23.59 | ... O10: {=INDIRECT("'"&$B$3&"'!"&CHAR(64+COLUMN())&(ROW()-4))} -> 0.084291018 | Q10: 4 | R10: 量能（≥1.5×5日均量） | S10: =IF(F25="","⚪",IF(S9="🟢",IF(F25>=1.5*AVERAGE(F20:F24),"🟢",IF(F25>=AVERAGE(F20:F24),"🟡","🔴")),IF(S12="🟢",IF(AND(E25>E24,F25<F24),"🔴",IF(F25>=AVERAGE(F20:F24),"🟢","🟡")),IF(F25>=1.5*AVERAGE(F20:F24),"🟢",IF(F25>=AVERAGE(F20:F24),"🟡","🔴"))))) -> 🔴 | T10: ="今量="&TEXT(F25,"#,##0")&" 5日均="&TEXT(AVERAGE(F20:F24),"#,##0")&" 比值="&TEXT(F25/AVERAGE(F20:F24),"0.00")&"x"&IF(AND(E25>E24,F25<F24)," ⚠價漲量縮","") -> 今量=2,651 5日均=4,843 比值=0.55x
A11: {=INDIRECT("'"&$B$3&"'!"&CHAR(64+COLUMN())&(ROW()-4))} -> 46122 | B11: {=INDIRECT("'"&$B$3&"'!"&CHAR(64+COLUMN())&(ROW()-4))} -> 35417.83 | C11: {=INDIRECT("'"&$B$3&"'!"&CHAR(64+COLUMN())&(ROW()-4))} -> 24.55 | D11: {=INDIRECT("'"&$B$3&"'!"&CHAR(64+COLUMN())&(ROW()-4))} -> 24.05 | E11: {=INDIRECT("'"&$B$3&"'!"&CHAR(64+COLUMN())&(ROW()-4))} -> 24.05 | F11: {=INDIRECT("'"&$B$3&"'!"&CHAR(64+COLUMN())&(ROW()-4))} -> 3980 | G11: {=INDIRECT("'"&$B$3&"'!"&CHAR(64+COLUMN())&(ROW()-4))} -> -1.2320329 | H11: {=INDIRECT("'"&$B$3&"'!"&CHAR(64+COLUMN())&(ROW()-4))} -> 23.74 | ... O11: {=INDIRECT("'"&$B$3&"'!"&CHAR(64+COLUMN())&(ROW()-4))} -> 0.10696385 | Q11: 5 | R11: 停損參考（三段） | S11: — | T11: ="緊 MA10=" & TEXT(I25,"0.0") & " 中 -" & TEXT(IF(N32<0.025,5,IF(N32<0.04,6,8)),"0") & "%=" & TEXT(E25*(1-IF(N32<0.025,0.05,IF(N32<0.04,0.06,0.08))),"0.0") & " 鬆 MA20=" & TEXT(J25,"0.0") & " (σ=" & TEXT(N32,"0.0%") & ")" -> 緊 MA10=24.9 中 -5%=22.7 鬆 MA20=24.5 (σ=1.8%)
A12: {=INDIRECT("'"&$B$3&"'!"&CHAR(64+COLUMN())&(ROW()-4))} -> 46125 | B12: {=INDIRECT("'"&$B$3&"'!"&CHAR(64+COLUMN())&(ROW()-4))} -> 35457.29 | C12: {=INDIRECT("'"&$B$3&"'!"&CHAR(64+COLUMN())&(ROW()-4))} -> 24.15 | D12: {=INDIRECT("'"&$B$3&"'!"&CHAR(64+COLUMN())&(ROW()-4))} -> 23.8 | E12: {=INDIRECT("'"&$B$3&"'!"&CHAR(64+COLUMN())&(ROW()-4))} -> 24.05 | F12: {=INDIRECT("'"&$B$3&"'!"&CHAR(64+COLUMN())&(ROW()-4))} -> 2762 | G12: {=INDIRECT("'"&$B$3&"'!"&CHAR(64+COLUMN())&(ROW()-4))} -> 0 | H12: {=INDIRECT("'"&$B$3&"'!"&CHAR(64+COLUMN())&(ROW()-4))} -> 23.89 | ... O12: {=INDIRECT("'"&$B$3&"'!"&CHAR(64+COLUMN())&(ROW()-4))} -> 0.11858206 | Q12: 6 | R12: 持有訊號（收盤>MA5） | S12: =IF(OR(E25="",H25=""),"⚪",IF(E25>H25,"🟢",IF(AND(E25<H25,E24<H24),"🔴","🟡"))) -> 🔴 | T12: ="收盤="&TEXT(E25,"0.0")&" MA5="&TEXT(H25,"0.0")&IF(E25>H25," 守穩",IF(AND(E25<H25,E24<H24)," 連2日跌破"," 單日跌破(警示)")) -> 收盤=23.9 MA5=24.2 連2日跌破
A13: {=INDIRECT("'"&$B$3&"'!"&CHAR(64+COLUMN())&(ROW()-4))} -> 46126 | B13: {=INDIRECT("'"&$B$3&"'!"&CHAR(64+COLUMN())&(ROW()-4))} -> 36296.12 | C13: {=INDIRECT("'"&$B$3&"'!"&CHAR(64+COLUMN())&(ROW()-4))} -> 24.45 | D13: {=INDIRECT("'"&$B$3&"'!"&CHAR(64+COLUMN())&(ROW()-4))} -> 24.15 | E13: {=INDIRECT("'"&$B$3&"'!"&CHAR(64+COLUMN())&(ROW()-4))} -> 24.2 | F13: {=INDIRECT("'"&$B$3&"'!"&CHAR(64+COLUMN())&(ROW()-4))} -> 3773 | G13: {=INDIRECT("'"&$B$3&"'!"&CHAR(64+COLUMN())&(ROW()-4))} -> 0.62370062 | H13: {=INDIRECT("'"&$B$3&"'!"&CHAR(64+COLUMN())&(ROW()-4))} -> 24.09 | ... O13: {=INDIRECT("'"&$B$3&"'!"&CHAR(64+COLUMN())&(ROW()-4))} -> 0.13196478 | Q13: 7 | R13: 出場警示（4取2） | S13: =IF(SUM(IF(AND(E25>MAX(E15:E24),K25<MAX(K15:K24)),1,0),IF(AND(E25>MAX(E15:E24),F25<MAX(F15:F24)),1,0),IF(AND(E25<H25,H25<H24),1,0),IF(AND(M24>N24,M25<N25,M24>80),1,0),IF(AND(E25<J25,E24<J24),1,0))>=2,"🔴",IF(SUM(IF(AND(E25>MAX(E15:E24),K25<MAX(K15:K24)),1,0),IF(AND(E25>MAX(E15:E24),F25<MAX(F15:F24)),1,0),IF(AND(E25<H25,H25<H24),1,0),IF(AND(M24>N24,M25<N25,M24>80),1,0),IF(AND(E25<J25,E24<J24),1,0))=1,"🟡","🟢")) -> 🔴 | T13: ="RSI背離:"&IF(AND(E25>MAX(E15:E24),K25<MAX(K15:K24)),"✓","✗")&" 量價背離:"&IF(AND(E25>MAX(E15:E24),F25<MAX(F15:F24)),"✓","✗")&" MA5翻下:"&IF(AND(E25<H25,H25<H24),"✓","✗")&" KD高死叉:"&IF(AND(M24>N24,M25<N25,M24>80),"✓","✗")&" 破MA20:"&IF(AND(E25<J25,E24<J24),"✓","✗") -> RSI背離:✗ 量價背離:✗ MA5翻下:✓ KD高死叉:✗ 破MA20:✓
A14: {=INDIRECT("'"&$B$3&"'!"&CHAR(64+COLUMN())&(ROW()-4))} -> 46127 | B14: {=INDIRECT("'"&$B$3&"'!"&CHAR(64+COLUMN())&(ROW()-4))} -> 36722.14 | C14: {=INDIRECT("'"&$B$3&"'!"&CHAR(64+COLUMN())&(ROW()-4))} -> 24.85 | D14: {=INDIRECT("'"&$B$3&"'!"&CHAR(64+COLUMN())&(ROW()-4))} -> 24.3 | E14: {=INDIRECT("'"&$B$3&"'!"&CHAR(64+COLUMN())&(ROW()-4))} -> 24.7 | F14: {=INDIRECT("'"&$B$3&"'!"&CHAR(64+COLUMN())&(ROW()-4))} -> 6981 | G14: {=INDIRECT("'"&$B$3&"'!"&CHAR(64+COLUMN())&(ROW()-4))} -> 2.0661157 | H14: {=INDIRECT("'"&$B$3&"'!"&CHAR(64+COLUMN())&(ROW()-4))} -> 24.27 | ... O14: {=INDIRECT("'"&$B$3&"'!"&CHAR(64+COLUMN())&(ROW()-4))} -> 0.16778732
A15: {=INDIRECT("'"&$B$3&"'!"&CHAR(64+COLUMN())&(ROW()-4))} -> 46128 | B15: {=INDIRECT("'"&$B$3&"'!"&CHAR(64+COLUMN())&(ROW()-4))} -> 37132.02 | C15: {=INDIRECT("'"&$B$3&"'!"&CHAR(64+COLUMN())&(ROW()-4))} -> 25.45 | D15: {=INDIRECT("'"&$B$3&"'!"&CHAR(64+COLUMN())&(ROW()-4))} -> 25 | E15: {=INDIRECT("'"&$B$3&"'!"&CHAR(64+COLUMN())&(ROW()-4))} -> 25.25 | F15: {=INDIRECT("'"&$B$3&"'!"&CHAR(64+COLUMN())&(ROW()-4))} -> 5276 | G15: {=INDIRECT("'"&$B$3&"'!"&CHAR(64+COLUMN())&(ROW()-4))} -> 2.2267206 | H15: {=INDIRECT("'"&$B$3&"'!"&CHAR(64+COLUMN())&(ROW()-4))} -> 24.45 | ... O15: {=INDIRECT("'"&$B$3&"'!"&CHAR(64+COLUMN())&(ROW()-4))} -> 0.21860529 | Q15: 總燈號 | R15: ="通過 "&(COUNTIF(S7:S13,"🟢"))&" / 7 警示 "&COUNTIF(S7:S13,"🟡")&" 危險 "&COUNTIF(S7:S13,"🔴") -> 通過 2 / 7 警示 0 危險 4 | S15: =IF(AND(S7="🟢",COUNTIF(S7:S10,"🟢")=4,S13<>"🔴"),"🟢 強進場",IF(AND(S7="🟢",COUNTIF(S7:S10,"🟢")>=3,S13<>"🔴"),"🟢 次強進場",IF(S13="🔴","🔴 出場",IF(COUNTIF(S7:S13,"🔴")>=2,"🔴 觀望","🟡 等待")))) -> 🔴 出場 | T15: ="基於 "&TEXT(A25,"yyyy/mm/dd")&" 收盤資料" -> 基於 2026/04/30 收盤資料
A16: {=INDIRECT("'"&$B$3&"'!"&CHAR(64+COLUMN())&(ROW()-4))} -> 46129 | B16: {=INDIRECT("'"&$B$3&"'!"&CHAR(64+COLUMN())&(ROW()-4))} -> 36804.34 | C16: {=INDIRECT("'"&$B$3&"'!"&CHAR(64+COLUMN())&(ROW()-4))} -> 25.8 | D16: {=INDIRECT("'"&$B$3&"'!"&CHAR(64+COLUMN())&(ROW()-4))} -> 25.1 | E16: {=INDIRECT("'"&$B$3&"'!"&CHAR(64+COLUMN())&(ROW()-4))} -> 25.65 | F16: {=INDIRECT("'"&$B$3&"'!"&CHAR(64+COLUMN())&(ROW()-4))} -> 6422 | G16: {=INDIRECT("'"&$B$3&"'!"&CHAR(64+COLUMN())&(ROW()-4))} -> 1.5841584 | H16: {=INDIRECT("'"&$B$3&"'!"&CHAR(64+COLUMN())&(ROW()-4))} -> 24.77 | ... O16: {=INDIRECT("'"&$B$3&"'!"&CHAR(64+COLUMN())&(ROW()-4))} -> 0.26608725
A17: {=INDIRECT("'"&$B$3&"'!"&CHAR(64+COLUMN())&(ROW()-4))} -> 46132 | B17: {=INDIRECT("'"&$B$3&"'!"&CHAR(64+COLUMN())&(ROW()-4))} -> 36958.8 | C17: {=INDIRECT("'"&$B$3&"'!"&CHAR(64+COLUMN())&(ROW()-4))} -> 25.9 | D17: {=INDIRECT("'"&$B$3&"'!"&CHAR(64+COLUMN())&(ROW()-4))} -> 25.55 | E17: {=INDIRECT("'"&$B$3&"'!"&CHAR(64+COLUMN())&(ROW()-4))} -> 25.65 | F17: {=INDIRECT("'"&$B$3&"'!"&CHAR(64+COLUMN())&(ROW()-4))} -> 5701 | G17: {=INDIRECT("'"&$B$3&"'!"&CHAR(64+COLUMN())&(ROW()-4))} -> 0 | H17: {=INDIRECT("'"&$B$3&"'!"&CHAR(64+COLUMN())&(ROW()-4))} -> 25.09 | ... O17: {=INDIRECT("'"&$B$3&"'!"&CHAR(64+COLUMN())&(ROW()-4))} -> 0.28285565 | Q17: 隔日參考價位
A18: {=INDIRECT("'"&$B$3&"'!"&CHAR(64+COLUMN())&(ROW()-4))} -> 46133 | B18: {=INDIRECT("'"&$B$3&"'!"&CHAR(64+COLUMN())&(ROW()-4))} -> 37605.11 | C18: {=INDIRECT("'"&$B$3&"'!"&CHAR(64+COLUMN())&(ROW()-4))} -> 25.85 | D18: {=INDIRECT("'"&$B$3&"'!"&CHAR(64+COLUMN())&(ROW()-4))} -> 25.55 | E18: {=INDIRECT("'"&$B$3&"'!"&CHAR(64+COLUMN())&(ROW()-4))} -> 25.65 | F18: {=INDIRECT("'"&$B$3&"'!"&CHAR(64+COLUMN())&(ROW()-4))} -> 3419 | G18: {=INDIRECT("'"&$B$3&"'!"&CHAR(64+COLUMN())&(ROW()-4))} -> 0 | H18: {=INDIRECT("'"&$B$3&"'!"&CHAR(64+COLUMN())&(ROW()-4))} -> 25.38 | ... O18: {=INDIRECT("'"&$B$3&"'!"&CHAR(64+COLUMN())&(ROW()-4))} -> 0.27884967 | Q18: 區間 | R18: 技術依據 | S18: 下緣 | T18: 上緣
A19: {=INDIRECT("'"&$B$3&"'!"&CHAR(64+COLUMN())&(ROW()-4))} -> 46134 | B19: {=INDIRECT("'"&$B$3&"'!"&CHAR(64+COLUMN())&(ROW()-4))} -> 37878.47 | C19: {=INDIRECT("'"&$B$3&"'!"&CHAR(64+COLUMN())&(ROW()-4))} -> 26 | D19: {=INDIRECT("'"&$B$3&"'!"&CHAR(64+COLUMN())&(ROW()-4))} -> 25.45 | E19: {=INDIRECT("'"&$B$3&"'!"&CHAR(64+COLUMN())&(ROW()-4))} -> 26 | F19: {=INDIRECT("'"&$B$3&"'!"&CHAR(64+COLUMN())&(ROW()-4))} -> 5881 | G19: {=INDIRECT("'"&$B$3&"'!"&CHAR(64+COLUMN())&(ROW()-4))} -> 1.3645224 | H19: {=INDIRECT("'"&$B$3&"'!"&CHAR(64+COLUMN())&(ROW()-4))} -> 25.64 | ... O19: {=INDIRECT("'"&$B$3&"'!"&CHAR(64+COLUMN())&(ROW()-4))} -> 0.28373334 | Q19: 🟢 積極買進 | R19: -1σ 統計下緣 | S19: =IF(LEFT($S$15,1)="🟢",ROUND(E25*(1-N32*1.2),1),"—") -> — | T19: =IF(LEFT($S$15,1)="🟢",ROUND(E25*(1-N32*0.8),1),"—") -> —
A20: {=INDIRECT("'"&$B$3&"'!"&CHAR(64+COLUMN())&(ROW()-4))} -> 46135 | B20: {=INDIRECT("'"&$B$3&"'!"&CHAR(64+COLUMN())&(ROW()-4))} -> 37714.15 | C20: {=INDIRECT("'"&$B$3&"'!"&CHAR(64+COLUMN())&(ROW()-4))} -> 26.2 | D20: {=INDIRECT("'"&$B$3&"'!"&CHAR(64+COLUMN())&(ROW()-4))} -> 24.6 | E20: {=INDIRECT("'"&$B$3&"'!"&CHAR(64+COLUMN())&(ROW()-4))} -> 25.05 | F20: {=INDIRECT("'"&$B$3&"'!"&CHAR(64+COLUMN())&(ROW()-4))} -> 7263 | G20: {=INDIRECT("'"&$B$3&"'!"&CHAR(64+COLUMN())&(ROW()-4))} -> -3.6538462 | H20: {=INDIRECT("'"&$B$3&"'!"&CHAR(64+COLUMN())&(ROW()-4))} -> 25.6 | ... O20: {=INDIRECT("'"&$B$3&"'!"&CHAR(64+COLUMN())&(ROW()-4))} -> 0.21032322 | Q20: 🟡 較安全買點 | R20: -1.5σ 跌深區 | S20: =IF(LEFT($S$15,1)="🟢",ROUND(E25*(1-N32*1.8),1),"—") -> — | T20: =IF(LEFT($S$15,1)="🟢",ROUND(E25*(1-N32*1.4),1),"—") -> —
A21: {=INDIRECT("'"&$B$3&"'!"&CHAR(64+COLUMN())&(ROW()-4))} -> 46136 | B21: {=INDIRECT("'"&$B$3&"'!"&CHAR(64+COLUMN())&(ROW()-4))} -> 38932.4 | C21: {=INDIRECT("'"&$B$3&"'!"&CHAR(64+COLUMN())&(ROW()-4))} -> 25.2 | D21: {=INDIRECT("'"&$B$3&"'!"&CHAR(64+COLUMN())&(ROW()-4))} -> 24.35 | E21: {=INDIRECT("'"&$B$3&"'!"&CHAR(64+COLUMN())&(ROW()-4))} -> 24.6 | F21: {=INDIRECT("'"&$B$3&"'!"&CHAR(64+COLUMN())&(ROW()-4))} -> 7175 | G21: {=INDIRECT("'"&$B$3&"'!"&CHAR(64+COLUMN())&(ROW()-4))} -> -1.7964072 | H21: {=INDIRECT("'"&$B$3&"'!"&CHAR(64+COLUMN())&(ROW()-4))} -> 25.39 | ... O21: {=INDIRECT("'"&$B$3&"'!"&CHAR(64+COLUMN())&(ROW()-4))} -> 0.12311779 | Q21: 🔵 強支撐買點 | R21: -2σ 強支撐 | S21: =IF(LEFT($S$15,1)="🟢",ROUND(E25*(1-N32*2.4),1),"—") -> — | T21: =IF(LEFT($S$15,1)="🟢",ROUND(E25*(1-N32*2),1),"—") -> —
A22: {=INDIRECT("'"&$B$3&"'!"&CHAR(64+COLUMN())&(ROW()-4))} -> 46139 | B22: {=INDIRECT("'"&$B$3&"'!"&CHAR(64+COLUMN())&(ROW()-4))} -> 39616.63 | C22: {=INDIRECT("'"&$B$3&"'!"&CHAR(64+COLUMN())&(ROW()-4))} -> 24.65 | D22: {=INDIRECT("'"&$B$3&"'!"&CHAR(64+COLUMN())&(ROW()-4))} -> 23.8 | E22: {=INDIRECT("'"&$B$3&"'!"&CHAR(64+COLUMN())&(ROW()-4))} -> 23.95 | F22: {=INDIRECT("'"&$B$3&"'!"&CHAR(64+COLUMN())&(ROW()-4))} -> 4950 | G22: {=INDIRECT("'"&$B$3&"'!"&CHAR(64+COLUMN())&(ROW()-4))} -> -2.6422764 | H22: {=INDIRECT("'"&$B$3&"'!"&CHAR(64+COLUMN())&(ROW()-4))} -> 25.05 | ... O22: {=INDIRECT("'"&$B$3&"'!"&CHAR(64+COLUMN())&(ROW()-4))} -> 0.01879306 | Q22: 🟡 小反彈賣 | R22: MA5 壓力 | S22: =IF(OR(AND(LEFT($S$15,1)="🔴",RIGHT($S$15,2)="出場"),AND($S$15="🔴 觀望",$S$12="🔴")),ROUND(MIN(H25,E25*(1+N32*0.8)),1),"—") -> 24.2 | T22: =IF(OR(AND(LEFT($S$15,1)="🔴",RIGHT($S$15,2)="出場"),AND($S$15="🔴 觀望",$S$12="🔴")),ROUND(MAX(H25,E25*(1+N32*1.2)),1),"—") -> 24.4
A23: {=INDIRECT("'"&$B$3&"'!"&CHAR(64+COLUMN())&(ROW()-4))} -> 46140 | B23: {=INDIRECT("'"&$B$3&"'!"&CHAR(64+COLUMN())&(ROW()-4))} -> 39521.73 | C23: {=INDIRECT("'"&$B$3&"'!"&CHAR(64+COLUMN())&(ROW()-4))} -> 24.25 | D23: {=INDIRECT("'"&$B$3&"'!"&CHAR(64+COLUMN())&(ROW()-4))} -> 23.8 | E23: {=INDIRECT("'"&$B$3&"'!"&CHAR(64+COLUMN())&(ROW()-4))} -> 24.2 | F23: {=INDIRECT("'"&$B$3&"'!"&CHAR(64+COLUMN())&(ROW()-4))} -> 2162 | G23: {=INDIRECT("'"&$B$3&"'!"&CHAR(64+COLUMN())&(ROW()-4))} -> 1.0438413 | H23: {=INDIRECT("'"&$B$3&"'!"&CHAR(64+COLUMN())&(ROW()-4))} -> 24.76 | ... O23: {=INDIRECT("'"&$B$3&"'!"&CHAR(64+COLUMN())&(ROW()-4))} -> -0.033399789 | Q23: 🔴 較佳出場 | R23: MA10 強壓 | S23: =IF(OR(AND(LEFT($S$15,1)="🔴",RIGHT($S$15,2)="出場"),AND($S$15="🔴 觀望",$S$12="🔴")),ROUND(MIN(I25,E25*(1+N32*1.4)),1),"—") -> 24.5 | T23: =IF(OR(AND(LEFT($S$15,1)="🔴",RIGHT($S$15,2)="出場"),AND($S$15="🔴 觀望",$S$12="🔴")),ROUND(MAX(I25,E25*(1+N32*1.8)),1),"—") -> 24.9
A24: {=INDIRECT("'"&$B$3&"'!"&CHAR(64+COLUMN())&(ROW()-4))} -> 46141 | B24: {=INDIRECT("'"&$B$3&"'!"&CHAR(64+COLUMN())&(ROW()-4))} -> 39303.5 | C24: {=INDIRECT("'"&$B$3&"'!"&CHAR(64+COLUMN())&(ROW()-4))} -> 24.4 | D24: {=INDIRECT("'"&$B$3&"'!"&CHAR(64+COLUMN())&(ROW()-4))} -> 23.8 | E24: {=INDIRECT("'"&$B$3&"'!"&CHAR(64+COLUMN())&(ROW()-4))} -> 24.35 | F24: {=INDIRECT("'"&$B$3&"'!"&CHAR(64+COLUMN())&(ROW()-4))} -> 2666 | G24: {=INDIRECT("'"&$B$3&"'!"&CHAR(64+COLUMN())&(ROW()-4))} -> 0.61983471 | H24: {=INDIRECT("'"&$B$3&"'!"&CHAR(64+COLUMN())&(ROW()-4))} -> 24.43 | ... O24: {=INDIRECT("'"&$B$3&"'!"&CHAR(64+COLUMN())&(ROW()-4))} -> -0.056486988 | Q24: ⚠️ 突破關鍵 | R24: 站上該價燈號轉強 | S24: =IF(OR(AND(LEFT($S$15,1)="🔴",RIGHT($S$15,2)="出場"),AND($S$15="🔴 觀望",$S$12="🔴")),ROUND(MAX(I25,E25*(1+N32*2)),1),"—") -> 24.9 | T24: =IF(OR(AND(LEFT($S$15,1)="🔴",RIGHT($S$15,2)="出場"),AND($S$15="🔴 觀望",$S$12="🔴")),ROUND(E25*(1+N32*2.4),1),"—") -> 24.9
A25: {=INDIRECT("'"&$B$3&"'!"&CHAR(64+COLUMN())&(ROW()-4))} -> 46142 | B25: {=INDIRECT("'"&$B$3&"'!"&CHAR(64+COLUMN())&(ROW()-4))} -> 38926.63 | C25: {=INDIRECT("'"&$B$3&"'!"&CHAR(64+COLUMN())&(ROW()-4))} -> 24.45 | D25: {=INDIRECT("'"&$B$3&"'!"&CHAR(64+COLUMN())&(ROW()-4))} -> 23.9 | E25: {=INDIRECT("'"&$B$3&"'!"&CHAR(64+COLUMN())&(ROW()-4))} -> 23.9 | F25: {=INDIRECT("'"&$B$3&"'!"&CHAR(64+COLUMN())&(ROW()-4))} -> 2651 | G25: {=INDIRECT("'"&$B$3&"'!"&CHAR(64+COLUMN())&(ROW()-4))} -> -1.8480493 | H25: {=INDIRECT("'"&$B$3&"'!"&CHAR(64+COLUMN())&(ROW()-4))} -> 24.2 | ... O25: {=INDIRECT("'"&$B$3&"'!"&CHAR(64+COLUMN())&(ROW()-4))} -> -0.098282914 | Q25: 說明 | R25: =IF(LEFT($S$15,1)="🟢","燈號偏多→顯示買進區間（以收盤 "&TEXT(E25,"0.0")&"、σ="&TEXT(N32,"0.00%")&"）",IF(OR(AND(LEFT($S$15,1)="🔴",RIGHT($S$15,2)="出場"),AND($S$15="🔴 觀望",$S$12="🔴")),"燈號偏空→顯示賣出區間（以收盤 "&TEXT(E25,"0.0")&"、σ="&TEXT(N32,"0.00%")&"）","目前燈號為「"&$S$15&"」，建議等待、不推薦進出場")) -> 燈號偏空→顯示賣出區間（以收盤 23.9、σ=1.76%）
Q26: 距離預警 | R26: 目標價 | S26: 距現價 | T26: 說明
A27: 2025年 各季 EPS（元） | G27: 2026年 各季 EPS（元） | M27: 摘要統計 | Q27: 🟢 至買進區 | R27: =ROUND(E25*(1-N32),1) -> 23.5 | S27: =ROUND((E25*(1-N32)-E25)/E25,4) -> -0.0176 | T27: ="再跌 "&TEXT(ABS((E25*(1-N32)-E25)/E25),"0.0%")&" 至 "&TEXT(E25*(1-N32),"0.0")&" 進入積極買進區" -> 再跌 1.8% 至 23.5 進入積極買進區
A28: 季別 | B28: Q1 | C28: Q2 | D28: Q3 | E28: Q4 | G28: 季別 | H28: Q1 | I28: Q2 | J28: Q3 | K28: Q4 | M28: 最高價 | N28: =MAX(C6:C25) -> 26.2 | Q28: 🔴 至賣出區 | R28: =ROUND(MAX(H25,E25*(1+N32)),1) -> 24.3 | S28: =ROUND((MAX(H25,E25*(1+N32))-E25)/E25,4) -> 0.0176 | T28: ="再漲 "&TEXT(ABS((MAX(H25,E25*(1+N32))-E25)/E25),"0.0%")&" 至 "&TEXT(MAX(H25,E25*(1+N32)),"0.0")&" 進入反彈賣出區" -> 再漲 1.8% 至 24.3 進入反彈賣出區
A29: 單季 EPS | B29: 0.25 | C29: 0.18 | D29: 0.15 | E29: 0.05 | G29: 單季 EPS | M29: 最低價 | N29: =MIN(D6:D25) -> 22.9
A30: 全年合計 | B30: 0.63 | G30: 全年合計 | M30: 平均收盤 | N30: =AVERAGE(E6:E25) -> 24.46
A31: 季變化 | B31: — | C31: -0.28 | D31: -0.16666667 | E31: -0.66666667 | G31: 季變化 | H31: — | M31: 15日漲幅 | N31: =(E25-E6)/E6 -> 0.025751073
A32: 來源：Yahoo基本資料;（非官方第三方） | M32: 波動率 | N32: =STDEV(G7:G25)/100 -> 0.017598472
A33: 2352 佳世達 ─ 股價合理性評估 | G33: 股價合理性評估（三法平均） | M33: 最新收盤 | N33: =E25 -> 23.9
A34: 股利 | B34: 1.11 | H34: 便宜價 | I34: 合理價 | J34: 貴價
A35: 每股淨值 | B35: 18.04 | G35: PER 法 | H35: =B36*B30 -> 5.04 | I35: =C36*B30 -> 8.82 | J35: =D36*B30 -> 12.6
A36: PER 倍數 | B36: 8 | C36: 14 | D36: 20 | G36: PBR 法 | H36: =B37*B35 -> 18.04 | I36: =C37*B35 -> 32.472 | J36: =D37*B35 -> 54.12
A37: PBR 倍數 | B37: 1 | C37: 1.8 | D37: 3 | G37: 殖利率法 | H37: =B34/B38 -> 18.5 | I37: =B34/C38 -> 24.666667 | J37: =B34/D38 -> 37
A38: 殖利率 | B38: 0.06 | C38: 0.045 | D38: 0.03 | G38: 三法平均 | H38: =AVERAGE(H35,H36,H37) -> 13.86 | I38: =AVERAGE(I35,I36,I37) -> 21.986222 | J38: =AVERAGE(J35,J36,J37) -> 34.573333

Sheet 2376 技嘉
A1: 2376 技嘉 - 近20日股價追蹤
A2: 所屬產業： | B2: 主機板/伺服器
A3: 資料來源： | B3: 2376
A5: 日期 | B5: 大盤 | C5: 最高 | D5: 最低 | E5: 收盤 | F5: 成交量(張) | G5: 漲跌幅 | H5: MA5 | I5: MA10 | J5: MA20 | K5: RSI(6) | L5: RSI(12) | M5: KD-K | N5: KD-D | O5: MACD-OSC | Q5: 燈號儀表板
A6: {=INDIRECT("'"&$B$3&"'!"&CHAR(64+COLUMN())&(ROW()-4))} -> 46113 | B6: {=INDIRECT("'"&$B$3&"'!"&CHAR(64+COLUMN())&(ROW()-4))} -> 33174.82 | C6: {=INDIRECT("'"&$B$3&"'!"&CHAR(64+COLUMN())&(ROW()-4))} -> 233.5 | D6: {=INDIRECT("'"&$B$3&"'!"&CHAR(64+COLUMN())&(ROW()-4))} -> 227.5 | E6: {=INDIRECT("'"&$B$3&"'!"&CHAR(64+COLUMN())&(ROW()-4))} -> 232 | F6: {=INDIRECT("'"&$B$3&"'!"&CHAR(64+COLUMN())&(ROW()-4))} -> 2953 | G6: {=INDIRECT("'"&$B$3&"'!"&CHAR(64+COLUMN())&(ROW()-4))} -> 4.2696629 | H6: {=INDIRECT("'"&$B$3&"'!"&CHAR(64+COLUMN())&(ROW()-4))} -> 230.2 | ... O6: {=INDIRECT("'"&$B$3&"'!"&CHAR(64+COLUMN())&(ROW()-4))} -> -0.98618357 | Q6: 步驟 | R6: 條件 | S6: 燈號 | T6: 細節
A7: {=INDIRECT("'"&$B$3&"'!"&CHAR(64+COLUMN())&(ROW()-4))} -> 46114 | B7: {=INDIRECT("'"&$B$3&"'!"&CHAR(64+COLUMN())&(ROW()-4))} -> 32572.43 | C7: {=INDIRECT("'"&$B$3&"'!"&CHAR(64+COLUMN())&(ROW()-4))} -> 233.5 | D7: {=INDIRECT("'"&$B$3&"'!"&CHAR(64+COLUMN())&(ROW()-4))} -> 227 | E7: {=INDIRECT("'"&$B$3&"'!"&CHAR(64+COLUMN())&(ROW()-4))} -> 228 | F7: {=INDIRECT("'"&$B$3&"'!"&CHAR(64+COLUMN())&(ROW()-4))} -> 3071 | G7: {=INDIRECT("'"&$B$3&"'!"&CHAR(64+COLUMN())&(ROW()-4))} -> -1.7241379 | H7: {=INDIRECT("'"&$B$3&"'!"&CHAR(64+COLUMN())&(ROW()-4))} -> 229.1 | ... O7: {=INDIRECT("'"&$B$3&"'!"&CHAR(64+COLUMN())&(ROW()-4))} -> -1.0600125 | Q7: 1 | R7: 大盤過濾（大盤 > 自身 MA20） | S7: =IF(COUNT(B6:B25)<5,"⚪",IF(AND(B25>AVERAGE(B6:B25),B25>B20),"🟢",IF(OR(B25>AVERAGE(B6:B25),B25>B20),"🟡","🔴"))) -> 🟢 | T7: =IF(COUNT(B6:B25)<5,"大盤資料不足","大盤="&TEXT(B25,"#,##0")&" vs MA="&TEXT(AVERAGE(B6:B25),"#,##0")&" 斜率:"&IF(B25>B20,"↑","↓")) -> 大盤=38,927 vs MA=36,644 斜率:↑
A8: {=INDIRECT("'"&$B$3&"'!"&CHAR(64+COLUMN())&(ROW()-4))} -> 46119 | B8: {=INDIRECT("'"&$B$3&"'!"&CHAR(64+COLUMN())&(ROW()-4))} -> 33229.82 | C8: {=INDIRECT("'"&$B$3&"'!"&CHAR(64+COLUMN())&(ROW()-4))} -> 231 | D8: {=INDIRECT("'"&$B$3&"'!"&CHAR(64+COLUMN())&(ROW()-4))} -> 222 | E8: {=INDIRECT("'"&$B$3&"'!"&CHAR(64+COLUMN())&(ROW()-4))} -> 222.5 | F8: {=INDIRECT("'"&$B$3&"'!"&CHAR(64+COLUMN())&(ROW()-4))} -> 3680 | G8: {=INDIRECT("'"&$B$3&"'!"&CHAR(64+COLUMN())&(ROW()-4))} -> -2.4122807 | H8: {=INDIRECT("'"&$B$3&"'!"&CHAR(64+COLUMN())&(ROW()-4))} -> 226.6 | ... O8: {=INDIRECT("'"&$B$3&"'!"&CHAR(64+COLUMN())&(ROW()-4))} -> -1.4044662 | Q8: 2 | R8: 趨勢結構（MA10>MA20 且 MA20 斜率向上） | S8: =IF(OR(I25="",J25="",J20=""),"⚪",IF(AND(I25>J25,J25>J20),"🟢",IF(OR(I25>J25,J25>J20),"🟡","🔴"))) -> 🟢 | T8: =IF(OR(I25="",J25="",J20=""),"資料不足","MA10=" &TEXT(I25,"0.0")& " MA20=" &TEXT(J25,"0.0")& " " &IF(I25>J25,"多頭","空頭")& " 斜率:" &IF(J25>J20,"↑","↓")) -> MA10=279.9 MA20=266.4 多頭 斜率:↑
A9: {=INDIRECT("'"&$B$3&"'!"&CHAR(64+COLUMN())&(ROW()-4))} -> 46120 | B9: {=INDIRECT("'"&$B$3&"'!"&CHAR(64+COLUMN())&(ROW()-4))} -> 34761.38 | C9: {=INDIRECT("'"&$B$3&"'!"&CHAR(64+COLUMN())&(ROW()-4))} -> 244.5 | D9: {=INDIRECT("'"&$B$3&"'!"&CHAR(64+COLUMN())&(ROW()-4))} -> 229 | E9: {=INDIRECT("'"&$B$3&"'!"&CHAR(64+COLUMN())&(ROW()-4))} -> 244.5 | F9: {=INDIRECT("'"&$B$3&"'!"&CHAR(64+COLUMN())&(ROW()-4))} -> 10714 | G9: {=INDIRECT("'"&$B$3&"'!"&CHAR(64+COLUMN())&(ROW()-4))} -> 9.8876404 | H9: {=INDIRECT("'"&$B$3&"'!"&CHAR(64+COLUMN())&(ROW()-4))} -> 229.9 | ... O9: {=INDIRECT("'"&$B$3&"'!"&CHAR(64+COLUMN())&(ROW()-4))} -> -0.1422984 | Q9: 3 | R9: 動能三合（MA5>MA10 + KD金叉 + RSI6>50） | S9: =IF(OR(H25="",I25="",K25="",M25="",N25="",K24="",M24="",N24=""),"⚪",IF(AND(H25>I25,M25>N25,K25>50,OR(AND(M24<N24,M25>N25,M24<50),AND(K24<50,K25>=50),AND(M24<50,M25>=50))),"🟢",IF(AND(H25>I25,M25>N25,K25>50),"🟡",IF(SUM(IF(H25>I25,1,0),IF(M25>N25,1,0),IF(K25>50,1,0))>=2,"🟡","🔴")))) -> 🔴 | T9: ="MA金叉:"&IF(H25>I25,"✓","✗")&" KD金叉:"&IF(AND(M24<N24,M25>N25),"✓","✗")&"(K="&TEXT(M25,"0")&") RSI6:"&TEXT(K25,"0")&IF(AND(K24<50,K25>=50),"(首破50)","") -> MA金叉:✗ KD金叉:✗(K=32) RSI6:46
A10: {=INDIRECT("'"&$B$3&"'!"&CHAR(64+COLUMN())&(ROW()-4))} -> 46121 | B10: {=INDIRECT("'"&$B$3&"'!"&CHAR(64+COLUMN())&(ROW()-4))} -> 34861.16 | C10: {=INDIRECT("'"&$B$3&"'!"&CHAR(64+COLUMN())&(ROW()-4))} -> 256 | D10: {=INDIRECT("'"&$B$3&"'!"&CHAR(64+COLUMN())&(ROW()-4))} -> 247 | E10: {=INDIRECT("'"&$B$3&"'!"&CHAR(64+COLUMN())&(ROW()-4))} -> 251 | F10: {=INDIRECT("'"&$B$3&"'!"&CHAR(64+COLUMN())&(ROW()-4))} -> 11984 | G10: {=INDIRECT("'"&$B$3&"'!"&CHAR(64+COLUMN())&(ROW()-4))} -> 2.6584867 | H10: {=INDIRECT("'"&$B$3&"'!"&CHAR(64+COLUMN())&(ROW()-4))} -> 235.6 | ... O10: {=INDIRECT("'"&$B$3&"'!"&CHAR(64+COLUMN())&(ROW()-4))} -> 1.0718541 | Q10: 4 | R10: 量能（≥1.5×5日均量） | S10: =IF(F25="","⚪",IF(S9="🟢",IF(F25>=1.5*AVERAGE(F20:F24),"🟢",IF(F25>=AVERAGE(F20:F24),"🟡","🔴")),IF(S12="🟢",IF(AND(E25>E24,F25<F24),"🔴",IF(F25>=AVERAGE(F20:F24),"🟢","🟡")),IF(F25>=1.5*AVERAGE(F20:F24),"🟢",IF(F25>=AVERAGE(F20:F24),"🟡","🔴"))))) -> 🔴 | T10: ="今量="&TEXT(F25,"#,##0")&" 5日均="&TEXT(AVERAGE(F20:F24),"#,##0")&" 比值="&TEXT(F25/AVERAGE(F20:F24),"0.00")&"x"&IF(AND(E25>E24,F25<F24)," ⚠價漲量縮","") -> 今量=5,636 5日均=7,018 比值=0.80x ⚠價漲量縮
A11: {=INDIRECT("'"&$B$3&"'!"&CHAR(64+COLUMN())&(ROW()-4))} -> 46122 | B11: {=INDIRECT("'"&$B$3&"'!"&CHAR(64+COLUMN())&(ROW()-4))} -> 35417.83 | C11: {=INDIRECT("'"&$B$3&"'!"&CHAR(64+COLUMN())&(ROW()-4))} -> 265.5 | D11: {=INDIRECT("'"&$B$3&"'!"&CHAR(64+COLUMN())&(ROW()-4))} -> 251.5 | E11: {=INDIRECT("'"&$B$3&"'!"&CHAR(64+COLUMN())&(ROW()-4))} -> 262.5 | F11: {=INDIRECT("'"&$B$3&"'!"&CHAR(64+COLUMN())&(ROW()-4))} -> 16450 | G11: {=INDIRECT("'"&$B$3&"'!"&CHAR(64+COLUMN())&(ROW()-4))} -> 4.5816733 | H11: {=INDIRECT("'"&$B$3&"'!"&CHAR(64+COLUMN())&(ROW()-4))} -> 241.7 | ... O11: {=INDIRECT("'"&$B$3&"'!"&CHAR(64+COLUMN())&(ROW()-4))} -> 2.5089091 | Q11: 5 | R11: 停損參考（三段） | S11: — | T11: ="緊 MA10=" & TEXT(I25,"0.0") & " 中 -" & TEXT(IF(N32<0.025,5,IF(N32<0.04,6,8)),"0") & "%=" & TEXT(E25*(1-IF(N32<0.025,0.05,IF(N32<0.04,0.06,0.08))),"0.0") & " 鬆 MA20=" & TEXT(J25,"0.0") & " (σ=" & TEXT(N32,"0.0%") & ")" -> 緊 MA10=279.9 中 -6%=256.6 鬆 MA20=266.4 (σ=3.3%)
A12: {=INDIRECT("'"&$B$3&"'!"&CHAR(64+COLUMN())&(ROW()-4))} -> 46125 | B12: {=INDIRECT("'"&$B$3&"'!"&CHAR(64+COLUMN())&(ROW()-4))} -> 35457.29 | C12: {=INDIRECT("'"&$B$3&"'!"&CHAR(64+COLUMN())&(ROW()-4))} -> 268 | D12: {=INDIRECT("'"&$B$3&"'!"&CHAR(64+COLUMN())&(ROW()-4))} -> 259 | E12: {=INDIRECT("'"&$B$3&"'!"&CHAR(64+COLUMN())&(ROW()-4))} -> 264 | F12: {=INDIRECT("'"&$B$3&"'!"&CHAR(64+COLUMN())&(ROW()-4))} -> 9009 | G12: {=INDIRECT("'"&$B$3&"'!"&CHAR(64+COLUMN())&(ROW()-4))} -> 0.57142857 | H12: {=INDIRECT("'"&$B$3&"'!"&CHAR(64+COLUMN())&(ROW()-4))} -> 248.9 | ... O12: {=INDIRECT("'"&$B$3&"'!"&CHAR(64+COLUMN())&(ROW()-4))} -> 3.3664472 | Q12: 6 | R12: 持有訊號（收盤>MA5） | S12: =IF(OR(E25="",H25=""),"⚪",IF(E25>H25,"🟢",IF(AND(E25<H25,E24<H24),"🔴","🟡"))) -> 🔴 | T12: ="收盤="&TEXT(E25,"0.0")&" MA5="&TEXT(H25,"0.0")&IF(E25>H25," 守穩",IF(AND(E25<H25,E24<H24)," 連2日跌破"," 單日跌破(警示)")) -> 收盤=273.0 MA5=278.0 連2日跌破
A13: {=INDIRECT("'"&$B$3&"'!"&CHAR(64+COLUMN())&(ROW()-4))} -> 46126 | B13: {=INDIRECT("'"&$B$3&"'!"&CHAR(64+COLUMN())&(ROW()-4))} -> 36296.12 | C13: {=INDIRECT("'"&$B$3&"'!"&CHAR(64+COLUMN())&(ROW()-4))} -> 273.5 | D13: {=INDIRECT("'"&$B$3&"'!"&CHAR(64+COLUMN())&(ROW()-4))} -> 263.5 | E13: {=INDIRECT("'"&$B$3&"'!"&CHAR(64+COLUMN())&(ROW()-4))} -> 263.5 | F13: {=INDIRECT("'"&$B$3&"'!"&CHAR(64+COLUMN())&(ROW()-4))} -> 10232 | G13: {=INDIRECT("'"&$B$3&"'!"&CHAR(64+COLUMN())&(ROW()-4))} -> -0.18939394 | H13: {=INDIRECT("'"&$B$3&"'!"&CHAR(64+COLUMN())&(ROW()-4))} -> 257.1 | ... O13: {=INDIRECT("'"&$B$3&"'!"&CHAR(64+COLUMN())&(ROW()-4))} -> 3.6804938 | Q13: 7 | R13: 出場警示（4取2） | S13: =IF(SUM(IF(AND(E25>MAX(E15:E24),K25<MAX(K15:K24)),1,0),IF(AND(E25>MAX(E15:E24),F25<MAX(F15:F24)),1,0),IF(AND(E25<H25,H25<H24),1,0),IF(AND(M24>N24,M25<N25,M24>80),1,0),IF(AND(E25<J25,E24<J24),1,0))>=2,"🔴",IF(SUM(IF(AND(E25>MAX(E15:E24),K25<MAX(K15:K24)),1,0),IF(AND(E25>MAX(E15:E24),F25<MAX(F15:F24)),1,0),IF(AND(E25<H25,H25<H24),1,0),IF(AND(M24>N24,M25<N25,M24>80),1,0),IF(AND(E25<J25,E24<J24),1,0))=1,"🟡","🟢")) -> 🟡 | T13: ="RSI背離:"&IF(AND(E25>MAX(E15:E24),K25<MAX(K15:K24)),"✓","✗")&" 量價背離:"&IF(AND(E25>MAX(E15:E24),F25<MAX(F15:F24)),"✓","✗")&" MA5翻下:"&IF(AND(E25<H25,H25<H24),"✓","✗")&" KD高死叉:"&IF(AND(M24>N24,M25<N25,M24>80),"✓","✗")&" 破MA20:"&IF(AND(E25<J25,E24<J24),"✓","✗") -> RSI背離:✗ 量價背離:✗ MA5翻下:✓ KD高死叉:✗ 破MA20:✗
A14: {=INDIRECT("'"&$B$3&"'!"&CHAR(64+COLUMN())&(ROW()-4))} -> 46127 | B14: {=INDIRECT("'"&$B$3&"'!"&CHAR(64+COLUMN())&(ROW()-4))} -> 36722.14 | C14: {=INDIRECT("'"&$B$3&"'!"&CHAR(64+COLUMN())&(ROW()-4))} -> 284 | D14: {=INDIRECT("'"&$B$3&"'!"&CHAR(64+COLUMN())&(ROW()-4))} -> 268 | E14: {=INDIRECT("'"&$B$3&"'!"&CHAR(64+COLUMN())&(ROW()-4))} -> 279 | F14: {=INDIRECT("'"&$B$3&"'!"&CHAR(64+COLUMN())&(ROW()-4))} -> 25948 | G14: {=INDIRECT("'"&$B$3&"'!"&CHAR(64+COLUMN())&(ROW()-4))} -> 5.8823529 | H14: {=INDIRECT("'"&$B$3&"'!"&CHAR(64+COLUMN())&(ROW()-4))} -> 264 | ... O14: {=INDIRECT("'"&$B$3&"'!"&CHAR(64+COLUMN())&(ROW()-4))} -> 4.6501215
A15: {=INDIRECT("'"&$B$3&"'!"&CHAR(64+COLUMN())&(ROW()-4))} -> 46128 | B15: {=INDIRECT("'"&$B$3&"'!"&CHAR(64+COLUMN())&(ROW()-4))} -> 37132.02 | C15: {=INDIRECT("'"&$B$3&"'!"&CHAR(64+COLUMN())&(ROW()-4))} -> 286 | D15: {=INDIRECT("'"&$B$3&"'!"&CHAR(64+COLUMN())&(ROW()-4))} -> 275 | E15: {=INDIRECT("'"&$B$3&"'!"&CHAR(64+COLUMN())&(ROW()-4))} -> 281 | F15: {=INDIRECT("'"&$B$3&"'!"&CHAR(64+COLUMN())&(ROW()-4))} -> 15475 | G15: {=INDIRECT("'"&$B$3&"'!"&CHAR(64+COLUMN())&(ROW()-4))} -> 0.71684588 | H15: {=INDIRECT("'"&$B$3&"'!"&CHAR(64+COLUMN())&(ROW()-4))} -> 270 | ... O15: {=INDIRECT("'"&$B$3&"'!"&CHAR(64+COLUMN())&(ROW()-4))} -> 5.1076883 | Q15: 總燈號 | R15: ="通過 "&(COUNTIF(S7:S13,"🟢"))&" / 7 警示 "&COUNTIF(S7:S13,"🟡")&" 危險 "&COUNTIF(S7:S13,"🔴") -> 通過 2 / 7 警示 1 危險 3 | S15: =IF(AND(S7="🟢",COUNTIF(S7:S10,"🟢")=4,S13<>"🔴"),"🟢 強進場",IF(AND(S7="🟢",COUNTIF(S7:S10,"🟢")>=3,S13<>"🔴"),"🟢 次強進場",IF(S13="🔴","🔴 出場",IF(COUNTIF(S7:S13,"🔴")>=2,"🔴 觀望","🟡 等待")))) -> 🔴 觀望 | T15: ="基於 "&TEXT(A25,"yyyy/mm/dd")&" 收盤資料" -> 基於 2026/04/30 收盤資料
A16: {=INDIRECT("'"&$B$3&"'!"&CHAR(64+COLUMN())&(ROW()-4))} -> 46129 | B16: {=INDIRECT("'"&$B$3&"'!"&CHAR(64+COLUMN())&(ROW()-4))} -> 36804.34 | C16: {=INDIRECT("'"&$B$3&"'!"&CHAR(64+COLUMN())&(ROW()-4))} -> 285.5 | D16: {=INDIRECT("'"&$B$3&"'!"&CHAR(64+COLUMN())&(ROW()-4))} -> 278 | E16: {=INDIRECT("'"&$B$3&"'!"&CHAR(64+COLUMN())&(ROW()-4))} -> 281.5 | F16: {=INDIRECT("'"&$B$3&"'!"&CHAR(64+COLUMN())&(ROW()-4))} -> 10874 | G16: {=INDIRECT("'"&$B$3&"'!"&CHAR(64+COLUMN())&(ROW()-4))} -> 0.17793594 | H16: {=INDIRECT("'"&$B$3&"'!"&CHAR(64+COLUMN())&(ROW()-4))} -> 273.8 | ... O16: {=INDIRECT("'"&$B$3&"'!"&CHAR(64+COLUMN())&(ROW()-4))} -> 5.1129508
A17: {=INDIRECT("'"&$B$3&"'!"&CHAR(64+COLUMN())&(ROW()-4))} -> 46132 | B17: {=INDIRECT("'"&$B$3&"'!"&CHAR(64+COLUMN())&(ROW()-4))} -> 36958.8 | C17: {=INDIRECT("'"&$B$3&"'!"&CHAR(64+COLUMN())&(ROW()-4))} -> 283 | D17: {=INDIRECT("'"&$B$3&"'!"&CHAR(64+COLUMN())&(ROW()-4))} -> 276 | E17: {=INDIRECT("'"&$B$3&"'!"&CHAR(64+COLUMN())&(ROW()-4))} -> 279 | F17: {=INDIRECT("'"&$B$3&"'!"&CHAR(64+COLUMN())&(ROW()-4))} -> 8155 | G17: {=INDIRECT("'"&$B$3&"'!"&CHAR(64+COLUMN())&(ROW()-4))} -> -0.88809947 | H17: {=INDIRECT("'"&$B$3&"'!"&CHAR(64+COLUMN())&(ROW()-4))} -> 276.8 | ... O17: {=INDIRECT("'"&$B$3&"'!"&CHAR(64+COLUMN())&(ROW()-4))} -> 4.6313355 | Q17: 隔日參考價位
A18: {=INDIRECT("'"&$B$3&"'!"&CHAR(64+COLUMN())&(ROW()-4))} -> 46133 | B18: {=INDIRECT("'"&$B$3&"'!"&CHAR(64+COLUMN())&(ROW()-4))} -> 37605.11 | C18: {=INDIRECT("'"&$B$3&"'!"&CHAR(64+COLUMN())&(ROW()-4))} -> 291.5 | D18: {=INDIRECT("'"&$B$3&"'!"&CHAR(64+COLUMN())&(ROW()-4))} -> 280 | E18: {=INDIRECT("'"&$B$3&"'!"&CHAR(64+COLUMN())&(ROW()-4))} -> 288.5 | F18: {=INDIRECT("'"&$B$3&"'!"&CHAR(64+COLUMN())&(ROW()-4))} -> 15844 | G18: {=INDIRECT("'"&$B$3&"'!"&CHAR(64+COLUMN())&(ROW()-4))} -> 3.4050179 | H18: {=INDIRECT("'"&$B$3&"'!"&CHAR(64+COLUMN())&(ROW()-4))} -> 281.8 | ... O18: {=INDIRECT("'"&$B$3&"'!"&CHAR(64+COLUMN())&(ROW()-4))} -> 4.6250579 | Q18: 區間 | R18: 技術依據 | S18: 下緣 | T18: 上緣
A19: {=INDIRECT("'"&$B$3&"'!"&CHAR(64+COLUMN())&(ROW()-4))} -> 46134 | B19: {=INDIRECT("'"&$B$3&"'!"&CHAR(64+COLUMN())&(ROW()-4))} -> 37878.47 | C19: {=INDIRECT("'"&$B$3&"'!"&CHAR(64+COLUMN())&(ROW()-4))} -> 292 | D19: {=INDIRECT("'"&$B$3&"'!"&CHAR(64+COLUMN())&(ROW()-4))} -> 285 | E19: {=INDIRECT("'"&$B$3&"'!"&CHAR(64+COLUMN())&(ROW()-4))} -> 285 | F19: {=INDIRECT("'"&$B$3&"'!"&CHAR(64+COLUMN())&(ROW()-4))} -> 8723 | G19: {=INDIRECT("'"&$B$3&"'!"&CHAR(64+COLUMN())&(ROW()-4))} -> -1.2131716 | H19: {=INDIRECT("'"&$B$3&"'!"&CHAR(64+COLUMN())&(ROW()-4))} -> 283 | ... O19: {=INDIRECT("'"&$B$3&"'!"&CHAR(64+COLUMN())&(ROW()-4))} -> 4.0768708 | Q19: 🟢 積極買進 | R19: -1σ 統計下緣 | S19: =IF(LEFT($S$15,1)="🟢",ROUND(E25*(1-N32*1.2),1),"—") -> — | T19: =IF(LEFT($S$15,1)="🟢",ROUND(E25*(1-N32*0.8),1),"—") -> —
A20: {=INDIRECT("'"&$B$3&"'!"&CHAR(64+COLUMN())&(ROW()-4))} -> 46135 | B20: {=INDIRECT("'"&$B$3&"'!"&CHAR(64+COLUMN())&(ROW()-4))} -> 37714.15 | C20: {=INDIRECT("'"&$B$3&"'!"&CHAR(64+COLUMN())&(ROW()-4))} -> 289 | D20: {=INDIRECT("'"&$B$3&"'!"&CHAR(64+COLUMN())&(ROW()-4))} -> 272 | E20: {=INDIRECT("'"&$B$3&"'!"&CHAR(64+COLUMN())&(ROW()-4))} -> 275 | F20: {=INDIRECT("'"&$B$3&"'!"&CHAR(64+COLUMN())&(ROW()-4))} -> 9064 | G20: {=INDIRECT("'"&$B$3&"'!"&CHAR(64+COLUMN())&(ROW()-4))} -> -3.5087719 | H20: {=INDIRECT("'"&$B$3&"'!"&CHAR(64+COLUMN())&(ROW()-4))} -> 281.8 | ... O20: {=INDIRECT("'"&$B$3&"'!"&CHAR(64+COLUMN())&(ROW()-4))} -> 2.7936553 | Q20: 🟡 較安全買點 | R20: -1.5σ 跌深區 | S20: =IF(LEFT($S$15,1)="🟢",ROUND(E25*(1-N32*1.8),1),"—") -> — | T20: =IF(LEFT($S$15,1)="🟢",ROUND(E25*(1-N32*1.4),1),"—") -> —
A21: {=INDIRECT("'"&$B$3&"'!"&CHAR(64+COLUMN())&(ROW()-4))} -> 46136 | B21: {=INDIRECT("'"&$B$3&"'!"&CHAR(64+COLUMN())&(ROW()-4))} -> 38932.4 | C21: {=INDIRECT("'"&$B$3&"'!"&CHAR(64+COLUMN())&(ROW()-4))} -> 281 | D21: {=INDIRECT("'"&$B$3&"'!"&CHAR(64+COLUMN())&(ROW()-4))} -> 275.5 | E21: {=INDIRECT("'"&$B$3&"'!"&CHAR(64+COLUMN())&(ROW()-4))} -> 278 | F21: {=INDIRECT("'"&$B$3&"'!"&CHAR(64+COLUMN())&(ROW()-4))} -> 5035 | G21: {=INDIRECT("'"&$B$3&"'!"&CHAR(64+COLUMN())&(ROW()-4))} -> 1.0909091 | H21: {=INDIRECT("'"&$B$3&"'!"&CHAR(64+COLUMN())&(ROW()-4))} -> 281.1 | ... O21: {=INDIRECT("'"&$B$3&"'!"&CHAR(64+COLUMN())&(ROW()-4))} -> 1.9402688 | Q21: 🔵 強支撐買點 | R21: -2σ 強支撐 | S21: =IF(LEFT($S$15,1)="🟢",ROUND(E25*(1-N32*2.4),1),"—") -> — | T21: =IF(LEFT($S$15,1)="🟢",ROUND(E25*(1-N32*2),1),"—") -> —
A22: {=INDIRECT("'"&$B$3&"'!"&CHAR(64+COLUMN())&(ROW()-4))} -> 46139 | B22: {=INDIRECT("'"&$B$3&"'!"&CHAR(64+COLUMN())&(ROW()-4))} -> 39616.63 | C22: {=INDIRECT("'"&$B$3&"'!"&CHAR(64+COLUMN())&(ROW()-4))} -> 286.5 | D22: {=INDIRECT("'"&$B$3&"'!"&CHAR(64+COLUMN())&(ROW()-4))} -> 276 | E22: {=INDIRECT("'"&$B$3&"'!"&CHAR(64+COLUMN())&(ROW()-4))} -> 285 | F22: {=INDIRECT("'"&$B$3&"'!"&CHAR(64+COLUMN())&(ROW()-4))} -> 8641 | G22: {=INDIRECT("'"&$B$3&"'!"&CHAR(64+COLUMN())&(ROW()-4))} -> 2.5179856 | H22: {=INDIRECT("'"&$B$3&"'!"&CHAR(64+COLUMN())&(ROW()-4))} -> 282.3 | ... O22: {=INDIRECT("'"&$B$3&"'!"&CHAR(64+COLUMN())&(ROW()-4))} -> 1.6518753 | Q22: 🟡 小反彈賣 | R22: MA5 壓力 | S22: =IF(OR(AND(LEFT($S$15,1)="🔴",RIGHT($S$15,2)="出場"),AND($S$15="🔴 觀望",$S$12="🔴")),ROUND(MIN(H25,E25*(1+N32*0.8)),1),"—") -> 278 | T22: =IF(OR(AND(LEFT($S$15,1)="🔴",RIGHT($S$15,2)="出場"),AND($S$15="🔴 觀望",$S$12="🔴")),ROUND(MAX(H25,E25*(1+N32*1.2)),1),"—") -> 283.9
A23: {=INDIRECT("'"&$B$3&"'!"&CHAR(64+COLUMN())&(ROW()-4))} -> 46140 | B23: {=INDIRECT("'"&$B$3&"'!"&CHAR(64+COLUMN())&(ROW()-4))} -> 39521.73 | C23: {=INDIRECT("'"&$B$3&"'!"&CHAR(64+COLUMN())&(ROW()-4))} -> 288.5 | D23: {=INDIRECT("'"&$B$3&"'!"&CHAR(64+COLUMN())&(ROW()-4))} -> 280 | E23: {=INDIRECT("'"&$B$3&"'!"&CHAR(64+COLUMN())&(ROW()-4))} -> 281.5 | F23: {=INDIRECT("'"&$B$3&"'!"&CHAR(64+COLUMN())&(ROW()-4))} -> 5090 | G23: {=INDIRECT("'"&$B$3&"'!"&CHAR(64+COLUMN())&(ROW()-4))} -> -1.2280702 | H23: {=INDIRECT("'"&$B$3&"'!"&CHAR(64+COLUMN())&(ROW()-4))} -> 280.9 | ... O23: {=INDIRECT("'"&$B$3&"'!"&CHAR(64+COLUMN())&(ROW()-4))} -> 1.0588759 | Q23: 🔴 較佳出場 | R23: MA10 強壓 | S23: =IF(OR(AND(LEFT($S$15,1)="🔴",RIGHT($S$15,2)="出場"),AND($S$15="🔴 觀望",$S$12="🔴")),ROUND(MIN(I25,E25*(1+N32*1.4)),1),"—") -> 279.9 | T23: =IF(OR(AND(LEFT($S$15,1)="🔴",RIGHT($S$15,2)="出場"),AND($S$15="🔴 觀望",$S$12="🔴")),ROUND(MAX(I25,E25*(1+N32*1.8)),1),"—") -> 289.4
A24: {=INDIRECT("'"&$B$3&"'!"&CHAR(64+COLUMN())&(ROW()-4))} -> 46141 | B24: {=INDIRECT("'"&$B$3&"'!"&CHAR(64+COLUMN())&(ROW()-4))} -> 39303.5 | C24: {=INDIRECT("'"&$B$3&"'!"&CHAR(64+COLUMN())&(ROW()-4))} -> 281 | D24: {=INDIRECT("'"&$B$3&"'!"&CHAR(64+COLUMN())&(ROW()-4))} -> 271 | E24: {=INDIRECT("'"&$B$3&"'!"&CHAR(64+COLUMN())&(ROW()-4))} -> 272.5 | F24: {=INDIRECT("'"&$B$3&"'!"&CHAR(64+COLUMN())&(ROW()-4))} -> 7261 | G24: {=INDIRECT("'"&$B$3&"'!"&CHAR(64+COLUMN())&(ROW()-4))} -> -3.1971581 | H24: {=INDIRECT("'"&$B$3&"'!"&CHAR(64+COLUMN())&(ROW()-4))} -> 278.4 | ... O24: {=INDIRECT("'"&$B$3&"'!"&CHAR(64+COLUMN())&(ROW()-4))} -> -0.047369004 | Q24: ⚠️ 突破關鍵 | R24: 站上該價燈號轉強 | S24: =IF(OR(AND(LEFT($S$15,1)="🔴",RIGHT($S$15,2)="出場"),AND($S$15="🔴 觀望",$S$12="🔴")),ROUND(MAX(I25,E25*(1+N32*2)),1),"—") -> 291.2 | T24: =IF(OR(AND(LEFT($S$15,1)="🔴",RIGHT($S$15,2)="出場"),AND($S$15="🔴 觀望",$S$12="🔴")),ROUND(E25*(1+N32*2.4),1),"—") -> 294.8
A25: {=INDIRECT("'"&$B$3&"'!"&CHAR(64+COLUMN())&(ROW()-4))} -> 46142 | B25: {=INDIRECT("'"&$B$3&"'!"&CHAR(64+COLUMN())&(ROW()-4))} -> 38926.63 | C25: {=INDIRECT("'"&$B$3&"'!"&CHAR(64+COLUMN())&(ROW()-4))} -> 280 | D25: {=INDIRECT("'"&$B$3&"'!"&CHAR(64+COLUMN())&(ROW()-4))} -> 271 | E25: {=INDIRECT("'"&$B$3&"'!"&CHAR(64+COLUMN())&(ROW()-4))} -> 273 | F25: {=INDIRECT("'"&$B$3&"'!"&CHAR(64+COLUMN())&(ROW()-4))} -> 5636 | G25: {=INDIRECT("'"&$B$3&"'!"&CHAR(64+COLUMN())&(ROW()-4))} -> 0.18348624 | H25: {=INDIRECT("'"&$B$3&"'!"&CHAR(64+COLUMN())&(ROW()-4))} -> 278 | ... O25: {=INDIRECT("'"&$B$3&"'!"&CHAR(64+COLUMN())&(ROW()-4))} -> -0.81093932 | Q25: 說明 | R25: =IF(LEFT($S$15,1)="🟢","燈號偏多→顯示買進區間（以收盤 "&TEXT(E25,"0.0")&"、σ="&TEXT(N32,"0.00%")&"）",IF(OR(AND(LEFT($S$15,1)="🔴",RIGHT($S$15,2)="出場"),AND($S$15="🔴 觀望",$S$12="🔴")),"燈號偏空→顯示賣出區間（以收盤 "&TEXT(E25,"0.0")&"、σ="&TEXT(N32,"0.00%")&"）","目前燈號為「"&$S$15&"」，建議等待、不推薦進出場")) -> 燈號偏空→顯示賣出區間（以收盤 273.0、σ=3.33%）
Q26: 距離預警 | R26: 目標價 | S26: 距現價 | T26: 說明
A27: 2025年 各季 EPS（元） | G27: 2026年 各季 EPS（元） | M27: 摘要統計 | Q27: 🟢 至買進區 | R27: =ROUND(E25*(1-N32),1) -> 263.9 | S27: =ROUND((E25*(1-N32)-E25)/E25,4) -> -0.0333 | T27: ="再跌 "&TEXT(ABS((E25*(1-N32)-E25)/E25),"0.0%")&" 至 "&TEXT(E25*(1-N32),"0.0")&" 進入積極買進區" -> 再跌 3.3% 至 263.9 進入積極買進區
A28: 季別 | B28: Q1 | C28: Q2 | D28: Q3 | E28: Q4 | G28: 季別 | H28: Q1 | I28: Q2 | J28: Q3 | K28: Q4 | M28: 最高價 | N28: =MAX(C6:C25) -> 292 | Q28: 🔴 至賣出區 | R28: =ROUND(MAX(H25,E25*(1+N32)),1) -> 282.1 | S28: =ROUND((MAX(H25,E25*(1+N32))-E25)/E25,4) -> 0.0333 | T28: ="再漲 "&TEXT(ABS((MAX(H25,E25*(1+N32))-E25)/E25),"0.0%")&" 至 "&TEXT(MAX(H25,E25*(1+N32)),"0.0")&" 進入反彈賣出區" -> 再漲 3.3% 至 282.1 進入反彈賣出區
A29: 單季 EPS | B29: 4.65 | C29: 4.55 | D29: 4.56 | E29: 4.43 | G29: 單季 EPS | M29: 最低價 | N29: =MIN(D6:D25) -> 222
A30: 全年合計 | B30: 18.19 | G30: 全年合計 | M30: 平均收盤 | N30: =AVERAGE(E6:E25) -> 266.35
A31: 季變化 | B31: — | C31: ▼2.2% | D31: ▲0.2% | E31: ▼2.9% | G31: 季變化 | H31: — | M31: 20日漲幅 | N31: =(E25-E6)/E6 -> 0.17672414
A32: 來源：Yahoo奇摩股市;（非官方第三方） | M32: 波動率 | N32: =STDEV(G7:G25)/100 -> 0.033317611
A33: 2376 技嘉 ─ 股價合理性評估 | G33: 股價合理性評估（三法平均） | M33: 最新收盤 | N33: =E25 -> 273
A34: 股利 | B34: 10 | H34: 便宜價 | I34: 合理價 | J34: 貴價
A35: 每股淨值 | B35: 88.22 | G35: PER 法 | H35: =B36*B30 -> 181.9 | I35: =C36*B30 -> 272.85 | J35: =D36*B30 -> 363.8
A36: PER 倍數 | B36: 10 | C36: 15 | D36: 20 | G36: PBR 法 | H36: =B37*B35 -> 176.44 | I36: =C37*B35 -> 264.66 | J36: =D37*B35 -> 396.99
A37: PBR 倍數 | B37: 2 | C37: 3 | D37: 4.5 | G37: 殖利率法 | H37: =B34/B38 -> 166.66667 | I37: =B34/C38 -> 222.22222 | J37: =B34/D38 -> 333.33333
A38: 殖利率 | B38: 0.06 | C38: 0.045 | D38: 0.03 | G38: 三法平均 | H38: =AVERAGE(H35,H36,H37) -> 175.00222 | I38: =AVERAGE(I35,I36,I37) -> 253.24407 | J38: =AVERAGE(J35,J36,J37) -> 364.70778

Sheet 3034 聯詠
A1: 3034 聯詠 - 近20日股價追蹤
A2: 所屬產業： | B2: IC設計
A3: 資料來源： | B3: 3034
A5: 日期 | B5: 大盤 | C5: 最高 | D5: 最低 | E5: 收盤 | F5: 成交量(張) | G5: 漲跌幅 | H5: MA5 | I5: MA10 | J5: MA20 | K5: RSI(6) | L5: RSI(12) | M5: KD-K | N5: KD-D | O5: MACD-OSC | Q5: 燈號儀表板
A6: {=INDIRECT("'"&$B$3&"'!"&CHAR(64+COLUMN())&(ROW()-4))} -> 46113 | B6: {=INDIRECT("'"&$B$3&"'!"&CHAR(64+COLUMN())&(ROW()-4))} -> 33174.82 | C6: {=INDIRECT("'"&$B$3&"'!"&CHAR(64+COLUMN())&(ROW()-4))} -> 391.5 | D6: {=INDIRECT("'"&$B$3&"'!"&CHAR(64+COLUMN())&(ROW()-4))} -> 382.5 | E6: {=INDIRECT("'"&$B$3&"'!"&CHAR(64+COLUMN())&(ROW()-4))} -> 391.5 | F6: {=INDIRECT("'"&$B$3&"'!"&CHAR(64+COLUMN())&(ROW()-4))} -> 3466 | G6: {=INDIRECT("'"&$B$3&"'!"&CHAR(64+COLUMN())&(ROW()-4))} -> 3.1620553 | H6: {=INDIRECT("'"&$B$3&"'!"&CHAR(64+COLUMN())&(ROW()-4))} -> 390.6 | ... O6: {=INDIRECT("'"&$B$3&"'!"&CHAR(64+COLUMN())&(ROW()-4))} -> 0.99726085 | Q6: 步驟 | R6: 條件 | S6: 燈號 | T6: 細節
A7: {=INDIRECT("'"&$B$3&"'!"&CHAR(64+COLUMN())&(ROW()-4))} -> 46114 | B7: {=INDIRECT("'"&$B$3&"'!"&CHAR(64+COLUMN())&(ROW()-4))} -> 32572.43 | C7: {=INDIRECT("'"&$B$3&"'!"&CHAR(64+COLUMN())&(ROW()-4))} -> 396 | D7: {=INDIRECT("'"&$B$3&"'!"&CHAR(64+COLUMN())&(ROW()-4))} -> 382 | E7: {=INDIRECT("'"&$B$3&"'!"&CHAR(64+COLUMN())&(ROW()-4))} -> 382 | F7: {=INDIRECT("'"&$B$3&"'!"&CHAR(64+COLUMN())&(ROW()-4))} -> 2805 | G7: {=INDIRECT("'"&$B$3&"'!"&CHAR(64+COLUMN())&(ROW()-4))} -> -2.4265645 | H7: {=INDIRECT("'"&$B$3&"'!"&CHAR(64+COLUMN())&(ROW()-4))} -> 388.6 | ... O7: {=INDIRECT("'"&$B$3&"'!"&CHAR(64+COLUMN())&(ROW()-4))} -> 0.4927377 | Q7: 1 | R7: 大盤過濾（大盤 > 自身 MA20） | S7: =IF(COUNT(B6:B25)<5,"⚪",IF(AND(B25>AVERAGE(B6:B25),B25>B20),"🟢",IF(OR(B25>AVERAGE(B6:B25),B25>B20),"🟡","🔴"))) -> 🟢 | T7: =IF(COUNT(B6:B25)<5,"大盤資料不足","大盤="&TEXT(B25,"#,##0")&" vs MA="&TEXT(AVERAGE(B6:B25),"#,##0")&" 斜率:"&IF(B25>B20,"↑","↓")) -> 大盤=38,927 vs MA=36,644 斜率:↑
A8: {=INDIRECT("'"&$B$3&"'!"&CHAR(64+COLUMN())&(ROW()-4))} -> 46119 | B8: {=INDIRECT("'"&$B$3&"'!"&CHAR(64+COLUMN())&(ROW()-4))} -> 33229.82 | C8: {=INDIRECT("'"&$B$3&"'!"&CHAR(64+COLUMN())&(ROW()-4))} -> 387 | D8: {=INDIRECT("'"&$B$3&"'!"&CHAR(64+COLUMN())&(ROW()-4))} -> 379 | E8: {=INDIRECT("'"&$B$3&"'!"&CHAR(64+COLUMN())&(ROW()-4))} -> 384.5 | F8: {=INDIRECT("'"&$B$3&"'!"&CHAR(64+COLUMN())&(ROW()-4))} -> 1991 | G8: {=INDIRECT("'"&$B$3&"'!"&CHAR(64+COLUMN())&(ROW()-4))} -> 0.65445026 | H8: {=INDIRECT("'"&$B$3&"'!"&CHAR(64+COLUMN())&(ROW()-4))} -> 385.7 | ... O8: {=INDIRECT("'"&$B$3&"'!"&CHAR(64+COLUMN())&(ROW()-4))} -> 0.29978564 | Q8: 2 | R8: 趨勢結構（MA10>MA20 且 MA20 斜率向上） | S8: =IF(OR(I25="",J25="",J20=""),"⚪",IF(AND(I25>J25,J25>J20),"🟢",IF(OR(I25>J25,J25>J20),"🟡","🔴"))) -> 🟢 | T8: =IF(OR(I25="",J25="",J20=""),"資料不足","MA10=" &TEXT(I25,"0.0")& " MA20=" &TEXT(J25,"0.0")& " " &IF(I25>J25,"多頭","空頭")& " 斜率:" &IF(J25>J20,"↑","↓")) -> MA10=414.9 MA20=405.1 多頭 斜率:↑
A9: {=INDIRECT("'"&$B$3&"'!"&CHAR(64+COLUMN())&(ROW()-4))} -> 46120 | B9: {=INDIRECT("'"&$B$3&"'!"&CHAR(64+COLUMN())&(ROW()-4))} -> 34761.38 | C9: {=INDIRECT("'"&$B$3&"'!"&CHAR(64+COLUMN())&(ROW()-4))} -> 393.5 | D9: {=INDIRECT("'"&$B$3&"'!"&CHAR(64+COLUMN())&(ROW()-4))} -> 387.5 | E9: {=INDIRECT("'"&$B$3&"'!"&CHAR(64+COLUMN())&(ROW()-4))} -> 391.5 | F9: {=INDIRECT("'"&$B$3&"'!"&CHAR(64+COLUMN())&(ROW()-4))} -> 2561 | G9: {=INDIRECT("'"&$B$3&"'!"&CHAR(64+COLUMN())&(ROW()-4))} -> 1.8205462 | H9: {=INDIRECT("'"&$B$3&"'!"&CHAR(64+COLUMN())&(ROW()-4))} -> 385.8 | ... O9: {=INDIRECT("'"&$B$3&"'!"&CHAR(64+COLUMN())&(ROW()-4))} -> 0.59873141 | Q9: 3 | R9: 動能三合（MA5>MA10 + KD金叉 + RSI6>50） | S9: =IF(OR(H25="",I25="",K25="",M25="",N25="",K24="",M24="",N24=""),"⚪",IF(AND(H25>I25,M25>N25,K25>50,OR(AND(M24<N24,M25>N25,M24<50),AND(K24<50,K25>=50),AND(M24<50,M25>=50))),"🟢",IF(AND(H25>I25,M25>N25,K25>50),"🟡",IF(SUM(IF(H25>I25,1,0),IF(M25>N25,1,0),IF(K25>50,1,0))>=2,"🟡","🔴")))) -> 🔴 | T9: ="MA金叉:"&IF(H25>I25,"✓","✗")&" KD金叉:"&IF(AND(M24<N24,M25>N25),"✓","✗")&"(K="&TEXT(M25,"0")&") RSI6:"&TEXT(K25,"0")&IF(AND(K24<50,K25>=50),"(首破50)","") -> MA金叉:✗ KD金叉:✗(K=25) RSI6:47
A10: {=INDIRECT("'"&$B$3&"'!"&CHAR(64+COLUMN())&(ROW()-4))} -> 46121 | B10: {=INDIRECT("'"&$B$3&"'!"&CHAR(64+COLUMN())&(ROW()-4))} -> 34861.16 | C10: {=INDIRECT("'"&$B$3&"'!"&CHAR(64+COLUMN())&(ROW()-4))} -> 399.5 | D10: {=INDIRECT("'"&$B$3&"'!"&CHAR(64+COLUMN())&(ROW()-4))} -> 390.5 | E10: {=INDIRECT("'"&$B$3&"'!"&CHAR(64+COLUMN())&(ROW()-4))} -> 399.5 | F10: {=INDIRECT("'"&$B$3&"'!"&CHAR(64+COLUMN())&(ROW()-4))} -> 2856 | G10: {=INDIRECT("'"&$B$3&"'!"&CHAR(64+COLUMN())&(ROW()-4))} -> 2.0434227 | H10: {=INDIRECT("'"&$B$3&"'!"&CHAR(64+COLUMN())&(ROW()-4))} -> 389.8 | ... O10: {=INDIRECT("'"&$B$3&"'!"&CHAR(64+COLUMN())&(ROW()-4))} -> 1.252771 | Q10: 4 | R10: 量能（≥1.5×5日均量） | S10: =IF(F25="","⚪",IF(S9="🟢",IF(F25>=1.5*AVERAGE(F20:F24),"🟢",IF(F25>=AVERAGE(F20:F24),"🟡","🔴")),IF(S12="🟢",IF(AND(E25>E24,F25<F24),"🔴",IF(F25>=AVERAGE(F20:F24),"🟢","🟡")),IF(F25>=1.5*AVERAGE(F20:F24),"🟢",IF(F25>=AVERAGE(F20:F24),"🟡","🔴"))))) -> 🔴 | T10: ="今量="&TEXT(F25,"#,##0")&" 5日均="&TEXT(AVERAGE(F20:F24),"#,##0")&" 比值="&TEXT(F25/AVERAGE(F20:F24),"0.00")&"x"&IF(AND(E25>E24,F25<F24)," ⚠價漲量縮","") -> 今量=2,586 5日均=5,115 比值=0.51x
A11: {=INDIRECT("'"&$B$3&"'!"&CHAR(64+COLUMN())&(ROW()-4))} -> 46122 | B11: {=INDIRECT("'"&$B$3&"'!"&CHAR(64+COLUMN())&(ROW()-4))} -> 35417.83 | C11: {=INDIRECT("'"&$B$3&"'!"&CHAR(64+COLUMN())&(ROW()-4))} -> 401.5 | D11: {=INDIRECT("'"&$B$3&"'!"&CHAR(64+COLUMN())&(ROW()-4))} -> 393.5 | E11: {=INDIRECT("'"&$B$3&"'!"&CHAR(64+COLUMN())&(ROW()-4))} -> 394 | F11: {=INDIRECT("'"&$B$3&"'!"&CHAR(64+COLUMN())&(ROW()-4))} -> 2766 | G11: {=INDIRECT("'"&$B$3&"'!"&CHAR(64+COLUMN())&(ROW()-4))} -> -1.3767209 | H11: {=INDIRECT("'"&$B$3&"'!"&CHAR(64+COLUMN())&(ROW()-4))} -> 390.3 | ... O11: {=INDIRECT("'"&$B$3&"'!"&CHAR(64+COLUMN())&(ROW()-4))} -> 1.2306969 | Q11: 5 | R11: 停損參考（三段） | S11: — | T11: ="緊 MA10=" & TEXT(I25,"0.0") & " 中 -" & TEXT(IF(N32<0.025,5,IF(N32<0.04,6,8)),"0") & "%=" & TEXT(E25*(1-IF(N32<0.025,0.05,IF(N32<0.04,0.06,0.08))),"0.0") & " 鬆 MA20=" & TEXT(J25,"0.0") & " (σ=" & TEXT(N32,"0.0%") & ")" -> 緊 MA10=414.9 中 -5%=388.6 鬆 MA20=405.1 (σ=2.2%)
A12: {=INDIRECT("'"&$B$3&"'!"&CHAR(64+COLUMN())&(ROW()-4))} -> 46125 | B12: {=INDIRECT("'"&$B$3&"'!"&CHAR(64+COLUMN())&(ROW()-4))} -> 35457.29 | C12: {=INDIRECT("'"&$B$3&"'!"&CHAR(64+COLUMN())&(ROW()-4))} -> 395 | D12: {=INDIRECT("'"&$B$3&"'!"&CHAR(64+COLUMN())&(ROW()-4))} -> 385 | E12: {=INDIRECT("'"&$B$3&"'!"&CHAR(64+COLUMN())&(ROW()-4))} -> 394.5 | F12: {=INDIRECT("'"&$B$3&"'!"&CHAR(64+COLUMN())&(ROW()-4))} -> 2322 | G12: {=INDIRECT("'"&$B$3&"'!"&CHAR(64+COLUMN())&(ROW()-4))} -> 0.12690355 | H12: {=INDIRECT("'"&$B$3&"'!"&CHAR(64+COLUMN())&(ROW()-4))} -> 392.8 | ... O12: {=INDIRECT("'"&$B$3&"'!"&CHAR(64+COLUMN())&(ROW()-4))} -> 1.166106 | Q12: 6 | R12: 持有訊號（收盤>MA5） | S12: =IF(OR(E25="",H25=""),"⚪",IF(E25>H25,"🟢",IF(AND(E25<H25,E24<H24),"🔴","🟡"))) -> 🔴 | T12: ="收盤="&TEXT(E25,"0.0")&" MA5="&TEXT(H25,"0.0")&IF(E25>H25," 守穩",IF(AND(E25<H25,E24<H24)," 連2日跌破"," 單日跌破(警示)")) -> 收盤=409.0 MA5=412.9 連2日跌破
A13: {=INDIRECT("'"&$B$3&"'!"&CHAR(64+COLUMN())&(ROW()-4))} -> 46126 | B13: {=INDIRECT("'"&$B$3&"'!"&CHAR(64+COLUMN())&(ROW()-4))} -> 36296.12 | C13: {=INDIRECT("'"&$B$3&"'!"&CHAR(64+COLUMN())&(ROW()-4))} -> 399.5 | D13: {=INDIRECT("'"&$B$3&"'!"&CHAR(64+COLUMN())&(ROW()-4))} -> 394 | E13: {=INDIRECT("'"&$B$3&"'!"&CHAR(64+COLUMN())&(ROW()-4))} -> 398.5 | F13: {=INDIRECT("'"&$B$3&"'!"&CHAR(64+COLUMN())&(ROW()-4))} -> 2721 | G13: {=INDIRECT("'"&$B$3&"'!"&CHAR(64+COLUMN())&(ROW()-4))} -> 1.0139417 | H13: {=INDIRECT("'"&$B$3&"'!"&CHAR(64+COLUMN())&(ROW()-4))} -> 395.6 | ... O13: {=INDIRECT("'"&$B$3&"'!"&CHAR(64+COLUMN())&(ROW()-4))} -> 1.2989563 | Q13: 7 | R13: 出場警示（4取2） | S13: =IF(SUM(IF(AND(E25>MAX(E15:E24),K25<MAX(K15:K24)),1,0),IF(AND(E25>MAX(E15:E24),F25<MAX(F15:F24)),1,0),IF(AND(E25<H25,H25<H24),1,0),IF(AND(M24>N24,M25<N25,M24>80),1,0),IF(AND(E25<J25,E24<J24),1,0))>=2,"🔴",IF(SUM(IF(AND(E25>MAX(E15:E24),K25<MAX(K15:K24)),1,0),IF(AND(E25>MAX(E15:E24),F25<MAX(F15:F24)),1,0),IF(AND(E25<H25,H25<H24),1,0),IF(AND(M24>N24,M25<N25,M24>80),1,0),IF(AND(E25<J25,E24<J24),1,0))=1,"🟡","🟢")) -> 🟢 | T13: ="RSI背離:"&IF(AND(E25>MAX(E15:E24),K25<MAX(K15:K24)),"✓","✗")&" 量價背離:"&IF(AND(E25>MAX(E15:E24),F25<MAX(F15:F24)),"✓","✗")&" MA5翻下:"&IF(AND(E25<H25,H25<H24),"✓","✗")&" KD高死叉:"&IF(AND(M24>N24,M25<N25,M24>80),"✓","✗")&" 破MA20:"&IF(AND(E25<J25,E24<J24),"✓","✗") -> RSI背離:✗ 量價背離:✗ MA5翻下:✗ KD高死叉:✗ 破MA20:✗
A14: {=INDIRECT("'"&$B$3&"'!"&CHAR(64+COLUMN())&(ROW()-4))} -> 46127 | B14: {=INDIRECT("'"&$B$3&"'!"&CHAR(64+COLUMN())&(ROW()-4))} -> 36722.14 | C14: {=INDIRECT("'"&$B$3&"'!"&CHAR(64+COLUMN())&(ROW()-4))} -> 410 | D14: {=INDIRECT("'"&$B$3&"'!"&CHAR(64+COLUMN())&(ROW()-4))} -> 401 | E14: {=INDIRECT("'"&$B$3&"'!"&CHAR(64+COLUMN())&(ROW()-4))} -> 405 | F14: {=INDIRECT("'"&$B$3&"'!"&CHAR(64+COLUMN())&(ROW()-4))} -> 4513 | G14: {=INDIRECT("'"&$B$3&"'!"&CHAR(64+COLUMN())&(ROW()-4))} -> 1.6311167 | H14: {=INDIRECT("'"&$B$3&"'!"&CHAR(64+COLUMN())&(ROW()-4))} -> 398.3 | ... O14: {=INDIRECT("'"&$B$3&"'!"&CHAR(64+COLUMN())&(ROW()-4))} -> 1.7051784
A15: {=INDIRECT("'"&$B$3&"'!"&CHAR(64+COLUMN())&(ROW()-4))} -> 46128 | B15: {=INDIRECT("'"&$B$3&"'!"&CHAR(64+COLUMN())&(ROW()-4))} -> 37132.02 | C15: {=INDIRECT("'"&$B$3&"'!"&CHAR(64+COLUMN())&(ROW()-4))} -> 414 | D15: {=INDIRECT("'"&$B$3&"'!"&CHAR(64+COLUMN())&(ROW()-4))} -> 406.5 | E15: {=INDIRECT("'"&$B$3&"'!"&CHAR(64+COLUMN())&(ROW()-4))} -> 412 | F15: {=INDIRECT("'"&$B$3&"'!"&CHAR(64+COLUMN())&(ROW()-4))} -> 4105 | G15: {=INDIRECT("'"&$B$3&"'!"&CHAR(64+COLUMN())&(ROW()-4))} -> 1.7283951 | H15: {=INDIRECT("'"&$B$3&"'!"&CHAR(64+COLUMN())&(ROW()-4))} -> 400.8 | ... O15: {=INDIRECT("'"&$B$3&"'!"&CHAR(64+COLUMN())&(ROW()-4))} -> 2.2894721 | Q15: 總燈號 | R15: ="通過 "&(COUNTIF(S7:S13,"🟢"))&" / 7 警示 "&COUNTIF(S7:S13,"🟡")&" 危險 "&COUNTIF(S7:S13,"🔴") -> 通過 3 / 7 警示 0 危險 3 | S15: =IF(AND(S7="🟢",COUNTIF(S7:S10,"🟢")=4,S13<>"🔴"),"🟢 強進場",IF(AND(S7="🟢",COUNTIF(S7:S10,"🟢")>=3,S13<>"🔴"),"🟢 次強進場",IF(S13="🔴","🔴 出場",IF(COUNTIF(S7:S13,"🔴")>=2,"🔴 觀望","🟡 等待")))) -> 🔴 觀望 | T15: ="基於 "&TEXT(A25,"yyyy/mm/dd")&" 收盤資料" -> 基於 2026/04/30 收盤資料
A16: {=INDIRECT("'"&$B$3&"'!"&CHAR(64+COLUMN())&(ROW()-4))} -> 46129 | B16: {=INDIRECT("'"&$B$3&"'!"&CHAR(64+COLUMN())&(ROW()-4))} -> 36804.34 | C16: {=INDIRECT("'"&$B$3&"'!"&CHAR(64+COLUMN())&(ROW()-4))} -> 415 | D16: {=INDIRECT("'"&$B$3&"'!"&CHAR(64+COLUMN())&(ROW()-4))} -> 408.5 | E16: {=INDIRECT("'"&$B$3&"'!"&CHAR(64+COLUMN())&(ROW()-4))} -> 415 | F16: {=INDIRECT("'"&$B$3&"'!"&CHAR(64+COLUMN())&(ROW()-4))} -> 3081 | G16: {=INDIRECT("'"&$B$3&"'!"&CHAR(64+COLUMN())&(ROW()-4))} -> 0.72815534 | H16: {=INDIRECT("'"&$B$3&"'!"&CHAR(64+COLUMN())&(ROW()-4))} -> 405 | ... O16: {=INDIRECT("'"&$B$3&"'!"&CHAR(64+COLUMN())&(ROW()-4))} -> 2.6942592
A17: {=INDIRECT("'"&$B$3&"'!"&CHAR(64+COLUMN())&(ROW()-4))} -> 46132 | B17: {=INDIRECT("'"&$B$3&"'!"&CHAR(64+COLUMN())&(ROW()-4))} -> 36958.8 | C17: {=INDIRECT("'"&$B$3&"'!"&CHAR(64+COLUMN())&(ROW()-4))} -> 421 | D17: {=INDIRECT("'"&$B$3&"'!"&CHAR(64+COLUMN())&(ROW()-4))} -> 409 | E17: {=INDIRECT("'"&$B$3&"'!"&CHAR(64+COLUMN())&(ROW()-4))} -> 415 | F17: {=INDIRECT("'"&$B$3&"'!"&CHAR(64+COLUMN())&(ROW()-4))} -> 6356 | G17: {=INDIRECT("'"&$B$3&"'!"&CHAR(64+COLUMN())&(ROW()-4))} -> 0 | H17: {=INDIRECT("'"&$B$3&"'!"&CHAR(64+COLUMN())&(ROW()-4))} -> 409.1 | ... O17: {=INDIRECT("'"&$B$3&"'!"&CHAR(64+COLUMN())&(ROW()-4))} -> 2.7677216 | Q17: 隔日參考價位
A18: {=INDIRECT("'"&$B$3&"'!"&CHAR(64+COLUMN())&(ROW()-4))} -> 46133 | B18: {=INDIRECT("'"&$B$3&"'!"&CHAR(64+COLUMN())&(ROW()-4))} -> 37605.11 | C18: {=INDIRECT("'"&$B$3&"'!"&CHAR(64+COLUMN())&(ROW()-4))} -> 417.5 | D18: {=INDIRECT("'"&$B$3&"'!"&CHAR(64+COLUMN())&(ROW()-4))} -> 411 | E18: {=INDIRECT("'"&$B$3&"'!"&CHAR(64+COLUMN())&(ROW()-4))} -> 415.5 | F18: {=INDIRECT("'"&$B$3&"'!"&CHAR(64+COLUMN())&(ROW()-4))} -> 4169 | G18: {=INDIRECT("'"&$B$3&"'!"&CHAR(64+COLUMN())&(ROW()-4))} -> 0.12048193 | H18: {=INDIRECT("'"&$B$3&"'!"&CHAR(64+COLUMN())&(ROW()-4))} -> 412.5 | ... O18: {=INDIRECT("'"&$B$3&"'!"&CHAR(64+COLUMN())&(ROW()-4))} -> 2.6552658 | Q18: 區間 | R18: 技術依據 | S18: 下緣 | T18: 上緣
A19: {=INDIRECT("'"&$B$3&"'!"&CHAR(64+COLUMN())&(ROW()-4))} -> 46134 | B19: {=INDIRECT("'"&$B$3&"'!"&CHAR(64+COLUMN())&(ROW()-4))} -> 37878.47 | C19: {=INDIRECT("'"&$B$3&"'!"&CHAR(64+COLUMN())&(ROW()-4))} -> 434.5 | D19: {=INDIRECT("'"&$B$3&"'!"&CHAR(64+COLUMN())&(ROW()-4))} -> 416 | E19: {=INDIRECT("'"&$B$3&"'!"&CHAR(64+COLUMN())&(ROW()-4))} -> 432.5 | F19: {=INDIRECT("'"&$B$3&"'!"&CHAR(64+COLUMN())&(ROW()-4))} -> 7962 | G19: {=INDIRECT("'"&$B$3&"'!"&CHAR(64+COLUMN())&(ROW()-4))} -> 4.0914561 | H19: {=INDIRECT("'"&$B$3&"'!"&CHAR(64+COLUMN())&(ROW()-4))} -> 418 | ... O19: {=INDIRECT("'"&$B$3&"'!"&CHAR(64+COLUMN())&(ROW()-4))} -> 3.4791148 | Q19: 🟢 積極買進 | R19: -1σ 統計下緣 | S19: =IF(LEFT($S$15,1)="🟢",ROUND(E25*(1-N32*1.2),1),"—") -> — | T19: =IF(LEFT($S$15,1)="🟢",ROUND(E25*(1-N32*0.8),1),"—") -> —
A20: {=INDIRECT("'"&$B$3&"'!"&CHAR(64+COLUMN())&(ROW()-4))} -> 46135 | B20: {=INDIRECT("'"&$B$3&"'!"&CHAR(64+COLUMN())&(ROW()-4))} -> 37714.15 | C20: {=INDIRECT("'"&$B$3&"'!"&CHAR(64+COLUMN())&(ROW()-4))} -> 438 | D20: {=INDIRECT("'"&$B$3&"'!"&CHAR(64+COLUMN())&(ROW()-4))} -> 406 | E20: {=INDIRECT("'"&$B$3&"'!"&CHAR(64+COLUMN())&(ROW()-4))} -> 406 | F20: {=INDIRECT("'"&$B$3&"'!"&CHAR(64+COLUMN())&(ROW()-4))} -> 9617 | G20: {=INDIRECT("'"&$B$3&"'!"&CHAR(64+COLUMN())&(ROW()-4))} -> -6.1271676 | H20: {=INDIRECT("'"&$B$3&"'!"&CHAR(64+COLUMN())&(ROW()-4))} -> 416.8 | ... O20: {=INDIRECT("'"&$B$3&"'!"&CHAR(64+COLUMN())&(ROW()-4))} -> 2.0626359 | Q20: 🟡 較安全買點 | R20: -1.5σ 跌深區 | S20: =IF(LEFT($S$15,1)="🟢",ROUND(E25*(1-N32*1.8),1),"—") -> — | T20: =IF(LEFT($S$15,1)="🟢",ROUND(E25*(1-N32*1.4),1),"—") -> —
A21: {=INDIRECT("'"&$B$3&"'!"&CHAR(64+COLUMN())&(ROW()-4))} -> 46136 | B21: {=INDIRECT("'"&$B$3&"'!"&CHAR(64+COLUMN())&(ROW()-4))} -> 38932.4 | C21: {=INDIRECT("'"&$B$3&"'!"&CHAR(64+COLUMN())&(ROW()-4))} -> 428 | D21: {=INDIRECT("'"&$B$3&"'!"&CHAR(64+COLUMN())&(ROW()-4))} -> 411.5 | E21: {=INDIRECT("'"&$B$3&"'!"&CHAR(64+COLUMN())&(ROW()-4))} -> 418 | F21: {=INDIRECT("'"&$B$3&"'!"&CHAR(64+COLUMN())&(ROW()-4))} -> 6595 | G21: {=INDIRECT("'"&$B$3&"'!"&CHAR(64+COLUMN())&(ROW()-4))} -> 2.955665 | H21: {=INDIRECT("'"&$B$3&"'!"&CHAR(64+COLUMN())&(ROW()-4))} -> 417.4 | ... O21: {=INDIRECT("'"&$B$3&"'!"&CHAR(64+COLUMN())&(ROW()-4))} -> 1.768496 | Q21: 🔵 強支撐買點 | R21: -2σ 強支撐 | S21: =IF(LEFT($S$15,1)="🟢",ROUND(E25*(1-N32*2.4),1),"—") -> — | T21: =IF(LEFT($S$15,1)="🟢",ROUND(E25*(1-N32*2),1),"—") -> —
